nid,name,source_file
ieCNrVrzKd4,ImeSetText,ime.cpp
WLxUN2WMim8,ImeSetCaret,ime.cpp
WmYDzdC4EHI,ImeParamInit,ime.cpp
ziPDcIjO0Vk,ImeGetPanelSize,ime.cpp
RPydv-Jr1bc,ImeOpen,ime.cpp
-4GCfYdNF1s,ImeUpdate,ime.cpp
TmVP8LzcFcY,ImeClose,ime.cpp
TXYHFRuL8UY,ImeSetTextGeometry,ime.cpp
eaFXjfJv3xs,ImeKeyboardOpen,ime.cpp
PMVehSlfZ94,ImeKeyboardClose,ime.cpp
dKadqZFgKKQ,ImeKeyboardGetResourceId,ime.cpp
VkqLPArfFdc,ImeKeyboardGetInfo,ime.cpp
ua+13Hk9kKs,ImeKeyboardSetMode,ime.cpp
23LRUSvYu1M,Gen5::AgcInit,libAgcDriver.cpp
2JtWUUiYBXs,Gen5::AgcGetRegisterDefaults2,libAgcDriver.cpp
wRbq6ZjNop4,Gen5::AgcGetRegisterDefaults2Internal,libAgcDriver.cpp
f3dg2CSgRKY,Gen5::AgcCreateShader,libAgcDriver.cpp
dolOmWH+huQ,Gen5::AgcUnknownGetFusedShaderSize,libAgcDriver.cpp
fd5Bp5tGTgo,Gen5::AgcUnknownFuseShaderHalves,libAgcDriver.cpp
nApJjpKNBl4,Gen5::AgcUnknownNApJjpKNBl4,libAgcDriver.cpp
vcmNN+AAXnY,Gen5::AgcSetCxRegIndirectPatchSetAddress,libAgcDriver.cpp
Qrj4c+61z4A,Gen5::AgcSetShRegIndirectPatchSetAddress,libAgcDriver.cpp
6lNcCp+fxi4,Gen5::AgcSetUcRegIndirectPatchSetAddress,libAgcDriver.cpp
whb1RL7K4Ss,Gen5::AgcSetCxRegIndirectPatchSetNumRegisters,libAgcDriver.cpp
nCUgItdN2ms,Gen5::AgcSetShRegIndirectPatchSetNumRegisters,libAgcDriver.cpp
fRG-JOH5+sI,Gen5::AgcSetUcRegIndirectPatchSetNumRegisters,libAgcDriver.cpp
d-6uF9sZDIU,Gen5::AgcSetCxRegIndirectPatchAddRegisters,libAgcDriver.cpp
z2duB-hHQSM,Gen5::AgcSetShRegIndirectPatchAddRegisters,libAgcDriver.cpp
vRoArM9zaIk,Gen5::AgcSetUcRegIndirectPatchAddRegisters,libAgcDriver.cpp
D9sr1xGUriE,Gen5::AgcCreatePrimState,libAgcDriver.cpp
Y3ymLfZ1384,Gen5::AgcUpdatePrimState,libAgcDriver.cpp
NKIzURsgV7I,Gen5::AgcGetGsOversubscription,libAgcDriver.cpp
HV4j+E0MBHE,Gen5::AgcCreateInterpolantMapping,libAgcDriver.cpp
V++UgBtQhn0,Gen5::AgcGetDataPacketPayloadAddress,libAgcDriver.cpp
s+VGAMDQ0AQ,Gen5::AgcGetDataPacketPayloadRange,libAgcDriver.cpp
fPSCdQxgpSw,Gen5::AgcWriteDataPatchSetAddressOrOffset,libAgcDriver.cpp
2BS4EtAaF28,Gen5::AgcJumpPatchSetTarget,libAgcDriver.cpp
h9z6+0hEydk,Gen5::AgcSuspendPoint,libAgcDriver.cpp
qj7QZpgr9Uw,Gen5::AgcDcbContextStateOp,libAgcDriver.cpp
H6vHS5cidSA,Gen5::AgcDcbContextStateOpGetSize,libAgcDriver.cpp
BfBDZGbti7A,Gen5::AgcGetIsTrinityMode,libAgcDriver.cpp
dbOlWdppb4o,Gen5::AgcCreateInterpolantMapping2,libAgcDriver.cpp
F0ZXt5q0ZTA,Gen5::AgcDriverGetDefaultOwner,libAgcDriver.cpp
F0Y42t-3e18,Gen5::AgcDriverInitResourceRegistration,libAgcDriver.cpp
AOLcoIkQDgM,Gen5::AgcDriverQueryResourceRegistrationUserMemoryRequirements,libAgcDriver.cpp
uJziRsODk1c,Gen5::AgcDriverGetResourceRegistrationMaxNameLength,libAgcDriver.cpp
X-Nm5KLREeg,Gen5::AgcDriverRegisterOwner,libAgcDriver.cpp
W5z4eZrjEas,Gen5::AgcDriverRegisterResource,libAgcDriver.cpp
ZLJk9r2+2Aw,Gen5::AgcDriverUnregisterOwnerAndResources,libAgcDriver.cpp
pWLG7WOpVcw,Gen5::AgcDriverUnregisterResource,libAgcDriver.cpp
3AyTaWcF-H8,Gen5::AgcDriverRegisterWorkloadStream,libAgcDriver.cpp
LtTouSCZjHM,Gen5::AgcCbNop,libAgcDriver.cpp
t7PlZ9nt5Lc,Gen5::AgcCbNopGetSize,libAgcDriver.cpp
k3GhuSNmBLU,Gen5::AgcCbDispatch,libAgcDriver.cpp
Abendgtz+3o,Gen5::AgcCbDispatchGetSize,libAgcDriver.cpp
w1KFAHVqpaU,Gen5::AgcCbBranch,libAgcDriver.cpp
n2fD4A+pb+g,Gen5::AgcCbSetShRegisterRangeDirect,libAgcDriver.cpp
bxGoVxpdSPQ,Gen5::AgcCbSetShRegisterRangeDirectGetSize,libAgcDriver.cpp
UZbQjYAwwXM,Gen5::AgcCbSetShRegistersDirect,libAgcDriver.cpp
03RZmELWWzw,Gen5::AgcCbSetUcRegistersDirect,libAgcDriver.cpp
wr23dPKyWc0,Gen5::AgcCbReleaseMem,libAgcDriver.cpp
hL7C0IRpWZI,Gen5::AgcCbQueueEndOfPipeActionGetSize,libAgcDriver.cpp
T6xuVw0KUJo,Gen5::AgcDebugRaiseException,libAgcDriver.cpp
JrtiDtKeS38,Gen5::AgcAcbResetQueue,libAgcDriver.cpp
cFazmnXpJOE,Gen5::AgcAcbEventWrite,libAgcDriver.cpp
KT-hTp-Ch14,Gen5::AgcAcbAcquireMem,libAgcDriver.cpp
ewobAQeMo5k,Gen5::AgcAcbAcquireMemGetSize,libAgcDriver.cpp
qyM2bxYFPAk,Gen5::AgcAcbCondExec,libAgcDriver.cpp
ozKzBP4aki4,Gen5::AgcAcbCondExecGetSize,libAgcDriver.cpp
e1DFTg+Sd8U,Gen5::AgcAcbJump,libAgcDriver.cpp
b-oySn+G2tE,Gen5::AgcAcbJumpGetSize,libAgcDriver.cpp
htn36gPnBk4,Gen5::AgcAcbWaitRegMem,libAgcDriver.cpp
idlaArvdXEs,Gen5::AgcAcbWaitOnAddressGetSize,libAgcDriver.cpp
-RnpfpxIhec,Gen5::AgcAcbDmaData,libAgcDriver.cpp
qzMN2XKGA4k,Gen5::AgcAcbCopyData,libAgcDriver.cpp
CbQh3DKMSno,Gen5::AgcAcbCopyDataGetSize,libAgcDriver.cpp
j3EtxFkSIhQ,Gen5::AgcAcbDispatchIndirect,libAgcDriver.cpp
eZ4+17OQz4Q,Gen5::AgcAcbWriteData,libAgcDriver.cpp
xAeBOa0A3kk,Gen5::AgcAcbSetMarker,libAgcDriver.cpp
cpCILPya5Zk,Gen5::AgcAcbPushMarker,libAgcDriver.cpp
6mFxkVqdmbQ,Gen5::AgcAcbPopMarker,libAgcDriver.cpp
TRO721eVt4g,Gen5::AgcDcbResetQueue,libAgcDriver.cpp
MWiElSNE8j8,Gen5::AgcDcbWaitUntilSafeForRendering,libAgcDriver.cpp
LFSPFmGc9Hg,Gen5::AgcDcbSetWorkloadsActive,libAgcDriver.cpp
hEK26Wdny6s,Gen5::AgcDcbSetWorkloadComplete,libAgcDriver.cpp
QhCbS4X9Rl8,Gen5::AgcDcbSetMarker,libAgcDriver.cpp
pFLArOT53+w,Gen5::AgcDcbSetShRegisterDirect,libAgcDriver.cpp
LHFXRrlTPD8,Gen5::AgcDcbSetCxRegisterDirect,libAgcDriver.cpp
1DeUNpRIDDA,Gen5::AgcDcbSetCxRegisterDirectGetSize,libAgcDriver.cpp
w4-d0n60hdo,Gen5::AgcDcbSetUcRegisterDirect,libAgcDriver.cpp
ZvwO9euwYzc,Gen5::AgcDcbSetCxRegistersIndirect,libAgcDriver.cpp
-HOOCn0JY48,Gen5::AgcDcbSetShRegistersIndirect,libAgcDriver.cpp
hvUfkUIQcOE,Gen5::AgcDcbSetUcRegistersIndirect,libAgcDriver.cpp
GIIW2J37e70,Gen5::AgcDcbSetIndexSize,libAgcDriver.cpp
l4fM9K-Lyks,Gen5::AgcDcbSetIndexBuffer,libAgcDriver.cpp
8N2tmT3jmC8,Gen5::AgcDcbSetIndexCount,libAgcDriver.cpp
tSBxhAPyytQ,Gen5::AgcDcbSetNumInstances,libAgcDriver.cpp
6DFuRKT4C9w,Gen5::AgcDcbSetNumInstancesGetSize,libAgcDriver.cpp
q88lQ+GP5Yk,Gen5::AgcDcbDrawIndex,libAgcDriver.cpp
6ee9Hd3EWXQ,Gen5::AgcDcbDrawIndexGetSize,libAgcDriver.cpp
Ikfdt-rIqCE,Gen5::AgcUnknownIkfdtRIqCE,libAgcDriver.cpp
Rlx+bykm0r0,Gen5::AgcDcbDrawIndexMultiInstanced,libAgcDriver.cpp
mR9j7+SfM34,Gen5::AgcDcbDrawIndexMultiInstancedGetSize,libAgcDriver.cpp
Yw0jKSqop+E,Gen5::AgcDcbDrawIndexAuto,libAgcDriver.cpp
WrdP9Zxx3lQ,Gen5::AgcDcbDrawIndexAutoGetSize,libAgcDriver.cpp
B+aG9DUnTKA,Gen5::AgcDcbDrawIndexOffset,libAgcDriver.cpp
qMlfB1ZhMDc,Gen5::AgcDcbDrawIndexOffsetGetSize,libAgcDriver.cpp
RmaJwLtc8rY,Gen5::AgcDcbSetBaseIndirectArgs,libAgcDriver.cpp
1q1titRBL6o,Gen5::AgcDcbDrawIndirect,libAgcDriver.cpp
cxPZ4Wgvdj8,Gen5::AgcDcbDrawIndirectGetSize,libAgcDriver.cpp
kUlvghKs-mA,Gen5::AgcDcbDrawIndirectMulti,libAgcDriver.cpp
t1vNu082-jM,Gen5::AgcDcbDrawIndexIndirect,libAgcDriver.cpp
ypVBz4uPKcQ,Gen5::AgcDcbDrawIndexIndirectMulti,libAgcDriver.cpp
CtB+A9-VxO0,Gen5::AgcDcbDispatchIndirect,libAgcDriver.cpp
w8HVkEeXPv8,Gen5::AgcDcbDispatchIndirectGetSize,libAgcDriver.cpp
aJf+j5yntiU,Gen5::AgcDcbEventWrite,libAgcDriver.cpp
C4l9fB17t8w,Gen5::AgcDcbEventWriteGetSize,libAgcDriver.cpp
57labkp+rSQ,Gen5::AgcDcbAcquireMem,libAgcDriver.cpp
-vnlTPPXPrw,Gen5::AgcDcbAcquireMemGetSize,libAgcDriver.cpp
1rZSWUv1IRc,Gen5::AgcDcbCopyData,libAgcDriver.cpp
b5u0Jzm8TF8,Gen5::AgcDcbCopyDataGetSize,libAgcDriver.cpp
WmAc2MEj6Io,Gen5::AgcDcbDmaData,libAgcDriver.cpp
xSAR0LTcRKM,Gen5::AgcDcbJump,libAgcDriver.cpp
VEGu4dixjUg,Gen5::AgcDcbJumpGetSize,libAgcDriver.cpp
QIXCsbipds0,Gen5::AgcDcbRewindGetSize,libAgcDriver.cpp
zfcxg-ewMK8,Gen5::AgcDcbRewind,libAgcDriver.cpp
BIPexNBSGog,Gen5::AgcDcbCondExec,libAgcDriver.cpp
ou16V5hh5sg,Gen5::AgcDcbCondExecGetSize,libAgcDriver.cpp
bbFueFP+J4k,Gen5::AgcDcbSetPredication,libAgcDriver.cpp
-KRzWekV120,Gen5::AgcUnknownKRzWekV120,libAgcDriver.cpp
IxYiarKlXxM,Gen5::AgcDmaDataPatchSetDstAddressOrOffset,libAgcDriver.cpp
cdDRpqcFGbU,Gen5::AgcDmaDataPatchSetSrcAddressOrOffsetOrImmediate,libAgcDriver.cpp
Lkf86B98qPc,Gen5::AgcGetPacketSize,libAgcDriver.cpp
w6Dj1VJt5qY,Gen5::AgcSetPacketPredication,libAgcDriver.cpp
n8vgpaQg6dA,Gen5::AgcSetRangePredication,libAgcDriver.cpp
i1jyy49AjXU,Gen5::AgcDcbWriteData,libAgcDriver.cpp
p9tI+yTvx68,Gen5::AgcDcbWriteDataGetSize,libAgcDriver.cpp
vuSXe69VILM,Gen5::AgcDcbGetLodStats,libAgcDriver.cpp
VmW0Tdpy420,Gen5::AgcDcbWaitRegMem,libAgcDriver.cpp
43WJ08sSugE,Gen5::AgcDcbWaitOnAddressGetSize,libAgcDriver.cpp
+kSrjIVxKFE,Gen5::AgcDcbPushMarker,libAgcDriver.cpp
H7uZqCoNuWk,Gen5::AgcDcbPopMarker,libAgcDriver.cpp
u2T2DiA5hRI,Gen5::AgcDcbStallCommandBufferParser,libAgcDriver.cpp
3KDcnM3lrcU,Gen5::AgcWaitRegMemPatchAddress,libAgcDriver.cpp
7nOoijNPvEU,Gen5::AgcWaitRegMemPatchReference,libAgcDriver.cpp
0fWWK5uG9rQ,Gen5::AgcQueueEndOfPipeActionPatchAddress,libAgcDriver.cpp
MlEw1feXcjg,Gen5::AgcQueueEndOfPipeActionPatchData,libAgcDriver.cpp
ORWsxIbk4TE,Gen5::AgcCondExecPatchSetEnd,libAgcDriver.cpp
YWTKOju587o,Gen5::AgcCondExecPatchSetCommandAddress,libAgcDriver.cpp
k-JpyR2dYAM,Gen5::AgcCondExecPatchSetEnd,libAgcDriver.cpp
3ZWa3AoyWZQ,Gen5::AgcCondExecPatchSetCommandAddress,libAgcDriver.cpp
ziVA3whp3p4,Gen5::AgcRewindPatchSetRewindState,libAgcDriver.cpp
YUeqkyT7mEQ,Gen5::AgcDcbSetFlip,libAgcDriver.cpp
UglJIZjGssM,Gen5Driver::AgcDriverSubmitDcb,libAgcDriver.cpp
AhGvpITrf4M,Gen5Driver::AgcDriverSubmitDcb,libAgcDriver.cpp
6UzEidRZwkg,Gen5Driver::AgcDriverSubmitMultiDcbs,libAgcDriver.cpp
+T8Xo6LtFJI,Gen5Driver::AgcDriverSubmitMultiDcbs,libAgcDriver.cpp
b4fpgH5ZXxQ,Gen5Driver::AgcDriverSubmitCommandBuffer,libAgcDriver.cpp
Fj7r9EHzF38,Gen5Driver::AgcDriverSubmitMultiCommandBuffers,libAgcDriver.cpp
gSRnr79F8tQ,Gen5Driver::AgcDriverSubmitAcb,libAgcDriver.cpp
HF3YllT3mXU,Gen5Driver::AgcDriverSubmitMultiAcbs,libAgcDriver.cpp
w2rJhmD+dsE,Gen5Driver::AgcDriverAddEqEvent,libAgcDriver.cpp
DL2RXaXOy88,Gen5Driver::AgcDriverDeleteEqEvent,libAgcDriver.cpp
5CdQTZIQPxM,Gen5Driver::AgcDriverGetEqEventType,libAgcDriver.cpp
Zw7uUVPulbw,Gen5Driver::AgcDriverGetEqContextId,libAgcDriver.cpp
XlNp7jzGiPo,Gen5Driver::AgcDriverSetTFRing,libAgcDriver.cpp
MM4IZSEYytQ,Gen5Driver::AgcDriverSetHsOffchipParam,libAgcDriver.cpp
Ddwk4gLT5j0,Gen5Driver::AgcDriverIsCaptureInProgress,libAgcDriver.cpp
U9ueyEhSkF4,Gen5Driver::AgcDriverUnknownU9ueyEhSkF4,libAgcDriver.cpp
WT-5NKy42fw,Apr::ResolveFilepathsToIds,libAmpr.cpp
ApkYaHb8Sek,Apr::GetFileStat,libAmpr.cpp
WvEu7yl3Ivg,Apr::GetFileSize,libAmpr.cpp
gEpBkcwxUjw,Apr::ResolveFilepathsToIdsAndFileSizes,libAmpr.cpp
i3HWvW35jao,Apr::ResolveFilepathsWithPrefixToIds,libAmpr.cpp
w5fcCG+t31g,Apr::ResolveFilepathsWithPrefixToIdsAndFileSizes,libAmpr.cpp
eYAh2vlCY-U,Apr::ResolveFilepathsToIdsForEach,libAmpr.cpp
QzB4O+bJQyA,Apr::ResolveFilepathsToIdsAndFileSizesForEach,libAmpr.cpp
VB-BtuIW8Xc,Apr::ResolveFilepathsWithPrefixToIdsForEach,libAmpr.cpp
C+Khtbbx2g8,Apr::ResolveFilepathsWithPrefixToIdsAndFileSizesForEach,libAmpr.cpp
ASoW5WE-UPo,Apr::SubmitCommandBufferAndGetResult,libAmpr.cpp
rqwFKI4PAiM,Apr::WaitCommandBuffer,libAmpr.cpp
eE4Szl8sil8,Apr::SubmitCommandBuffer,libAmpr.cpp
qvMUCyyaCSI,Apr::SubmitCommandBufferAndGetId,libAmpr.cpp
8aI7R7WaOlc,Ampr::CommandBufferConstructor,libAmpr.cpp
a8uLzYY--tM,Ampr::AprCommandBufferConstructor,libAmpr.cpp
Qs1xtplKo0U,Ampr::AprCommandBufferDestructor,libAmpr.cpp
GuchCTefuZw,Ampr::CommandBufferDestructor,libAmpr.cpp
N-FSPA4S3nI,Ampr::CommandBufferSetBuffer,libAmpr.cpp
baQO9ez2gL4,Ampr::CommandBufferReset,libAmpr.cpp
ULvXMDz56po,Ampr::CommandBufferClearBuffer,libAmpr.cpp
VEDMaQmJZng,Ampr::CommandBufferGetType,libAmpr.cpp
RPCAhx-aabE,Ampr::CommandBufferGetBufferBaseAddress,libAmpr.cpp
gzndltBEzWc,Ampr::CommandBufferGetNumCommands,libAmpr.cpp
GmOguNIsuKk,Ampr::CommandBufferConstructNop,libAmpr.cpp
tNn5WBkta60,Ampr::CommandBufferNop,libAmpr.cpp
pFQ9UHpO52s,Ampr::CommandBufferNopWithData,libAmpr.cpp
4UkZbYKVF7c,Ampr::CommandBufferConstructMarker,libAmpr.cpp
sWbST0oQKsc,Ampr::CommandBufferSetMarkerWithColor,libAmpr.cpp
4quckD2y7Pg,Ampr::CommandBufferSetMarker,libAmpr.cpp
f12ObAMEi9A,Ampr::CommandBufferPushMarkerWithColor,libAmpr.cpp
dXPaz65HNmk,Ampr::CommandBufferPushMarker,libAmpr.cpp
mv0O8Zg0woU,Ampr::CommandBufferPopMarker,libAmpr.cpp
DLfoNxTFNVk,Ampr::CommandBufferWaitOnAddress,libAmpr.cpp
V7GQTEeUfhw,Ampr::CommandBufferWaitOnAddress,libAmpr.cpp
cQb8Zr8Q0Y0,Ampr::CommandBufferWaitOnCounter,libAmpr.cpp
j0+3uJMxYJY,Ampr::CommandBufferWriteAddress,libAmpr.cpp
sJXyWHjP-F8,Ampr::CommandBufferWriteAddressOnCompletion,libAmpr.cpp
jK+yuYCI7MA,Ampr::CommandBufferWriteCounter,libAmpr.cpp
3wn42MWTzTs,Ampr::CommandBufferWriteCounterOnCompletion,libAmpr.cpp
bt3LHR9xjK4,Ampr::CommandBufferWriteAddressFromTimeCounter,libAmpr.cpp
FI2JD0jAHCs,Ampr::CommandBufferWriteAddressFromTimeCounterOnCompletion,libAmpr.cpp
t4ExS+SwLjs,Ampr::CommandBufferWriteAddressFromCounter,libAmpr.cpp
gSF5OsXdfIg,Ampr::CommandBufferWriteAddressFromCounterOnCompletion,libAmpr.cpp
enZm-6GjWqw,Ampr::CommandBufferWriteAddressFromCounterPair,libAmpr.cpp
ZLWtNUP6R5E,Ampr::CommandBufferWriteAddressFromCounterPairOnCompletion,libAmpr.cpp
vWU-odnS+fU,Ampr::MeasureCommandSizeReadFile,libAmpr.cpp
sSAUCCU1dv4,Ampr::MeasureCommandSizeWriteKernelEventQueue,libAmpr.cpp
Zi3dBUjgyXI,Ampr::MeasureCommandSizeWriteKernelEventQueue,libAmpr.cpp
C+IEj+BsAFM,Ampr::MeasureCommandSizeWriteAddressOnCompletion,libAmpr.cpp
x7SQEXfeovg,Ampr::MeasureCommandSizeWriteAddressFromTimeCounterOnCompletion,libAmpr.cpp
32AcaTaBPSY,Ampr::MeasureCommandSizeWriteAddressFromCounterOnCompletion,libAmpr.cpp
vxC58+DRk-U,Ampr::MeasureCommandSizeWriteAddressFromCounterPairOnCompletion,libAmpr.cpp
4muPEJ-x5N8,Ampr::MeasureCommandSizeWriteCounterOnCompletion,libAmpr.cpp
0BMj1hgG+kE,Ampr::MeasureCommandSizeFixed32,libAmpr.cpp
ClnsFLLLcss,Ampr::MeasureCommandSizeFixed32,libAmpr.cpp
4fgtGfXDrFc,Ampr::MeasureCommandSizeFixed32,libAmpr.cpp
gAtc79UTt5E,Ampr::MeasureCommandSizeFixed32,libAmpr.cpp
JYd9g9L+TmE,Ampr::MeasureCommandSizeFixed32,libAmpr.cpp
2Hw8gjMdwSY,Ampr::MeasureCommandSizeFixed32,libAmpr.cpp
I-Qm+MEso5c,Ampr::MeasureCommandSizeFixed32,libAmpr.cpp
6hbai6KIXkk,Ampr::MeasureAmmCommandSizeMap,libAmpr.cpp
m+fYyX8oFqw,Ampr::MeasureAmmCommandSizeMapWithGpuMaskId,libAmpr.cpp
ZFDZoN9IbVU,Ampr::MeasureAmmCommandSizeMapDirect,libAmpr.cpp
KUjtdPZJo5I,Ampr::MeasureAmmCommandSizeMapDirectWithGpuMaskId,libAmpr.cpp
Ayg6PIon2wA,Ampr::MeasureAmmCommandSizeUnmap,libAmpr.cpp
NNIZ-FMyz3M,Ampr::MeasureCommandSizeNop,libAmpr.cpp
Xp85BP3+BBI,Ampr::MeasureCommandSizeNopWithData,libAmpr.cpp
qesF88X4DRg,Ampr::MeasureCommandSizeReadFileGather,libAmpr.cpp
7nXGDGMXSqo,Ampr::MeasureCommandSizeReadFileScatter,libAmpr.cpp
DXmgc5op8Yw,Ampr::MeasureCommandSizeReadFileGatherScatter,libAmpr.cpp
rddQYXM0CjM,Ampr::MeasureCommandSizePopMarker,libAmpr.cpp
kdFImtTD0hc,Ampr::MeasureAprCommandSizeMapBegin,libAmpr.cpp
qvbdJc7bG+s,Ampr::MeasureAprCommandSizeMapDirectBegin,libAmpr.cpp
iwTNhyaemnw,Ampr::MeasureCommandSizePopMarker,libAmpr.cpp
tmfr97+ED5I,Ampr::MeasureCommandSizeMarkerWithColor,libAmpr.cpp
VGkEj4d6-Kg,Ampr::MeasureCommandSizeMarker,libAmpr.cpp
3OfeY4pzDV0,Ampr::MeasureCommandSizeMarkerWithColor,libAmpr.cpp
0RdLmAh7WVo,Ampr::MeasureCommandSizeMarker,libAmpr.cpp
pbnNnahE8vk,Ampr::MeasureCommandSizePopMarker,libAmpr.cpp
tZDDEo2tE5k,Ampr::CommandBufferGetSize,libAmpr.cpp
GnxKOHEawhk,Ampr::CommandBufferGetCurrentOffset,libAmpr.cpp
H896Pt-yB4I,Ampr::CommandBufferWriteKernelEventQueue,libAmpr.cpp
o67gODLFpls,Ampr::CommandBufferWriteKernelEventQueue,libAmpr.cpp
mQ16-QdKv7k,Ampr::AprCommandBufferReadFile,libAmpr.cpp
mZSbNJVJpV8,Ampr::AprCommandBufferReadFileGather,libAmpr.cpp
Jg-AgkdJHkk,Ampr::AprCommandBufferReadFileScatter,libAmpr.cpp
BVmR1H8l+XI,Ampr::AprCommandBufferReadFileGatherScatter,libAmpr.cpp
YPxkUDhgoNI,Ampr::AprCommandBufferResetGatherScatterState,libAmpr.cpp
Eul7AGEpjLo,Ampr::AprCommandBufferMapBegin,libAmpr.cpp
bFEs0Gs6D2A,Ampr::AprCommandBufferMapDirectBegin,libAmpr.cpp
X169CE6G3Y4,Ampr::AprCommandBufferMapEnd,libAmpr.cpp
Q07J7XpvhrU,Ampr::AmmGiveDirectMemory,libAmpr.cpp
wkQR9+xTFKY,Ampr::AmmGetVirtualAddressRanges,libAmpr.cpp
KqiWXLgCVe0,Ampr::AmmGetUsageStatsData,libAmpr.cpp
touqMEt6qXQ,Ampr::AmmSetPageTablePoolOccupancyNotificationThreshold,libAmpr.cpp
EDq5bqCqYpA,Ampr::AmmCommandBufferConstructor,libAmpr.cpp
pvUFDOHilnE,Ampr::AmmCommandBufferDestructor,libAmpr.cpp
JEVYGhDc97M,Ampr::AmmCommandBufferMap,libAmpr.cpp
ojBkmG7+CgE,Ampr::AmmCommandBufferMapWithGpuMaskId,libAmpr.cpp
8TBE+9XCZbI,Ampr::AmmCommandBufferMapDirect,libAmpr.cpp
kOfZlhbVAkc,Ampr::AmmCommandBufferMapDirectWithGpuMaskId,libAmpr.cpp
M-VFI2DJWQA,Ampr::AmmCommandBufferUnmap,libAmpr.cpp
lwS-7y3jcBI,Ampr::AmmSubmitCommandBuffer,libAmpr.cpp
NnKhlMJtIsI,Ampr::AmmSubmitCommandBufferAndGetId,libAmpr.cpp
OJf3vCckPAM,Ampr::AmmSubmitCommandBufferAndGetResult,libAmpr.cpp
HXymib4T8gc,Ampr::AmmWaitCommandBufferCompletion,libAmpr.cpp
buYbeLOGWmA,AppContentTemporary::AppContentTemporaryDataMount2,libAppContent.cpp
a5N7lAG0y2Q,AppContentTemporary::AppContentTemporaryDataFormat,libAppContent.cpp
SaKib2Ug0yI,AppContentTemporary::AppContentTemporaryDataGetAvailableSpaceKb,libAppContent.cpp
R9lA82OraNs,AppContent::AppContentInitialize,libAppContent.cpp
99b82IKXpH4,AppContent::AppContentAppParamGetInt,libAppContent.cpp
VANhIWcqYak,AppContent::AppContentAddcontMount,libAppContent.cpp
3rHWaV-1KC4,AppContent::AppContentAddcontUnmount,libAppContent.cpp
Gl6w5i0JokY,AppContent::AppContentDownloadDataGetAvailableSpaceKb,libAppContent.cpp
7xyAxrusLko,LibAudioPropagation::AudioPropagationSystemQueryMemory,libAudio.cpp
aNEqtSHdUSo,LibAudioPropagation::AudioPropagationSystemCreate,libAudio.cpp
8bI5h8req30,LibAudioPropagation::AudioPropagationRoomCreate,libAudio.cpp
CPLV6G-eXmk,LibAudioPropagation::AudioPropagationSystemRegisterMaterial,libAudio.cpp
kIdb+iQUzCs,LibAudioPropagation::AudioPropagationSystemSetAttributes,libAudio.cpp
ht-QXT3zGxo,LibAudioPropagation::AudioPropagationSystemGetRays,libAudio.cpp
JfEPXVxhFqA,AudioOut::AudioOutInit,libAudio.cpp
ekNvsT22rsY,AudioOut::AudioOutOpen,libAudio.cpp
b+uAV89IlxE,AudioOut::AudioOutSetVolume,libAudio.cpp
w3PdaSTSwGE,AudioOut::AudioOutOutputs,libAudio.cpp
QOQtbeDqsT4,AudioOut::AudioOutOutput,libAudio.cpp
s1--uE9mBFw,AudioOut::AudioOutClose,libAudio.cpp
GrQ9s4IrNaQ,AudioOut::AudioOutGetPortState,libAudio.cpp
g2tViFIohHE,AudioOut2::AudioOut2Initialize,libAudio.cpp
pDmme7Bgm6E,AudioOut2::AudioOut2ContextQueryMemory,libAudio.cpp
t5YrizufpQc,AudioOut2::AudioOut2ContextResetParam,libAudio.cpp
0x6o1VVAYSY,AudioOut2::AudioOut2ContextCreate,libAudio.cpp
on6ZH7Abo10,AudioOut2::AudioOut2ContextDestroy,libAudio.cpp
4dq2rblWlg0,AudioOut2::AudioOut2ContextSetAttributes,libAudio.cpp
PE2zHMqLSHs,AudioOut2::AudioOut2ContextAdvance,libAudio.cpp
aII9h5nli9U,AudioOut2::AudioOut2ContextPush,libAudio.cpp
R7d0F1g2qsU,AudioOut2::AudioOut2ContextGetQueueLevel,libAudio.cpp
JK2wamZPzwM,AudioOut2::AudioOut2PortCreate,libAudio.cpp
cd+Rtw+D1x8,AudioOut2::AudioOut2PortDestroy,libAudio.cpp
8XTArSPyWHk,AudioOut2::AudioOut2PortSetAttributes,libAudio.cpp
gatEUKG+Ea4,AudioOut2::AudioOut2PortGetState,libAudio.cpp
bkBN+CMLwRc,AudioOut2::AudioOut2GetSystemState,libAudio.cpp
xywYcRB7nbQ,AudioOut2::AudioOut2UserCreate,libAudio.cpp
IaZXJ9M79uo,AudioOut2::AudioOut2UserDestroy,libAudio.cpp
G1YOKDJYX2Y,AudioOut2::AudioOut2GetSpeakerArrayMemorySize,libAudio.cpp
+k91hoTuoA8,AudioOut2::AudioOut2SpeakerArrayCreate,libAudio.cpp
erCWQR5eKiQ,AudioOut2::AudioOut2SpeakerArrayDestroy,libAudio.cpp
4BlZurolOAo,AudioOut2::AudioOut2GetSpeakerArrayCoefficients,libAudio.cpp
28QqMnuuJ9Y,AudioOut2::AudioOut2GetSpeakerArrayAmbisonicsCoefficients,libAudio.cpp
DImz2Ft9E2g,AudioOut2::AudioOut2GetSpeakerInfo,libAudio.cpp
b1HWDUC8zaE,AudioOut2::AudioOut2SetSystemDebugState,libAudio.cpp
TViD1EZXkNI,AudioOut2::AudioOut2Set3DLatency,libAudio.cpp
XHl38ZNknbs,AudioOut2::AudioOut2MasteringInit,libAudio.cpp
v8iOE+j8a5o,AudioOut2::AudioOut2MasteringSetParam,libAudio.cpp
VZidxi2cYh0,AudioOut2::AudioOut2MasteringGetState,libAudio.cpp
2bbBBOkH4CY,AudioOut2::AudioOut2MasteringTerm,libAudio.cpp
5NE8Sjc7VC8,AudioIn::AudioInOpen,libAudio.cpp
nya-R5gDYhM,AudioIn::AudioInHqOpen,libAudio.cpp
Jh6WbHhnI68,AudioIn::AudioInClose,libAudio.cpp
LozEOU8+anM,AudioIn::AudioInInput,libAudio.cpp
BohEAQ7DlUE,AudioIn::AudioInGetSilentState,libAudio.cpp
U8IfNl6-Css,VoiceQoS::VoiceQoSInit,libAudio.cpp
9TrhuGzberQ,VoiceInit,libAudio.cpp
clyKUyi3RYU,VoiceSetThreadsParams,libAudio.cpp
nXpje5yNpaE,VoiceCreatePort,libAudio.cpp
oV9GAdJ23Gw,VoiceConnectIPortToOPort,libAudio.cpp
ajVj3QG2um4,VoiceDisconnectIPortFromOPort,libAudio.cpp
b7kJI+nx2hg,VoiceDeletePort,libAudio.cpp
Oo0S5PH7FIQ,VoiceEnd,libAudio.cpp
54phPH2LZls,VoiceStart,libAudio.cpp
Ao2YNSA7-Qo,VoiceStop,libAudio.cpp
cQ6DGsQEjV4,VoiceReadFromOPort,libAudio.cpp
YeJl6yDlhW0,VoiceWriteToIPort,libAudio.cpp
CrLqDwWLoXM,VoiceGetPortInfo,libAudio.cpp
elcxZTEfHZM,VoiceGetPortAttr,libAudio.cpp
cJLufzou6bc,VoiceGetBitRate,libAudio.cpp
QBFoAIjJoXQ,VoiceSetVolume,libAudio.cpp
jjkCjneOYSs,VoiceGetVolume,libAudio.cpp
dl+4eHSzUu4,Ajm::AjmInitialize,libAudio.cpp
Q3dyFuwGn64,Ajm::AjmModuleRegister,libAudio.cpp
Wi7DtlLV+KI,Ajm::AjmModuleUnregister,libAudio.cpp
MHur6qCsUus,Ajm::AjmFinalize,libAudio.cpp
AxoDrINp4J8,Ajm::AjmInstanceCreate,libAudio.cpp
RbLbuKv8zho,Ajm::AjmInstanceDestroy,libAudio.cpp
bkRHEYG6lEM,Ajm::AjmMemoryRegister,libAudio.cpp
pIpGiaYkHkM,Ajm::AjmMemoryUnregister,libAudio.cpp
MmpF1XsQiHw,Ajm::AjmBatchInitialize,libAudio.cpp
5tOfnaClcqM,Ajm::AjmBatchStart,libAudio.cpp
-qLsfDAywIY,Ajm::AjmBatchWait,libAudio.cpp
NVDXiUesSbA,Ajm::AjmBatchCancel,libAudio.cpp
WfAiBW8Wcek,Ajm::AjmBatchErrorDump,libAudio.cpp
AxhcqVv5AYU,Ajm::AjmStrError,libAudio.cpp
ezM2OhNxzck,Ajm::AjmBatchJobInitialize,libAudio.cpp
uJ3m8INuikg,Ajm::AjmBatchJobClearContext,libAudio.cpp
39WxhR-ePew,Ajm::AjmBatchJobDecode,libAudio.cpp
5LLWbpP5xi8,Ajm::AjmBatchJobDecodeSingle,libAudio.cpp
SJ3i0DXP8vg,Ajm::AjmBatchJobDecodeSplit,libAudio.cpp
SlVIGK1Kl38,Ajm::AjmBatchJobEncode,libAudio.cpp
TBWW4aPfWcA,Ajm::AjmBatchJobGetInfo,libAudio.cpp
uSrXaxT+oPQ,Ajm::AjmBatchJobGetCodecInfo,libAudio.cpp
SkEwpiu3tZg,Ajm::AjmBatchJobSetGaplessDecode,libAudio.cpp
Esr9db8S1S0,Ajm::AjmBatchJobGetGaplessDecode,libAudio.cpp
81HsnXFbWS4,Ajm::AjmBatchJobSetResampleParameters,libAudio.cpp
5ldnD16rYZw,Ajm::AjmBatchJobSetResampleParametersEx,libAudio.cpp
JkdNCocpu1M,Ajm::AjmBatchJobGetResampleInfo,libAudio.cpp
3cAg7xN995U,Ajm::AjmBatchJobGetStatistics,libAudio.cpp
7FZsbyVRM4U,Ajm::AjmBatchJobControl,libAudio.cpp
jVCWcthifr8,Ajm::AjmBatchJobRun,libAudio.cpp
Z9NVCesiP0Q,Ajm::AjmBatchJobRunSplit,libAudio.cpp
1t3ixYNXyuc,Ajm::AjmDecAt9ParseConfigData,libAudio.cpp
ZIXln2K3XMk,Acm::AcmContextCreate,libAudio.cpp
jBgBjAj02R8,Acm::AcmContextDestroy,libAudio.cpp
tW9W+CAG4FE,Acm::AcmBatchStartBuffer,libAudio.cpp
8fe55ktlNVo,Acm::AcmBatchStartBuffers,libAudio.cpp
RLN3gRlXJLE,Acm::AcmBatchWait,libAudio.cpp
r7z5YQFZo+U,Acm::AcmBatchJobNotification,libAudio.cpp
u70oWo92SYQ,Acm::AcmConvReverbSharedInput,libAudio.cpp
9nLbWmRDpa8,Acm::AcmConvReverbSharedIr,libAudio.cpp
KovqaFbmtsM,Acm::AcmFft,libAudio.cpp
DR-ZCmvVR9Q,Acm::AcmIfft,libAudio.cpp
LA4RCNKnFjg,Acm::AcmPanner,libAudio.cpp
aS66RI0gGgo,AvPlayer::AvPlayerInit,libAudio.cpp
o9eWRkSL+M4,AvPlayer::AvPlayerInitEx,libAudio.cpp
HD1YKVU26-M,AvPlayer::AvPlayerPostInit,libAudio.cpp
KMcEa+rHsIo,AvPlayer::AvPlayerAddSource,libAudio.cpp
x8uvuFOPZhU,AvPlayer::AvPlayerAddSourceEx,libAudio.cpp
hdTyRzCXQeQ,AvPlayer::AvPlayerStreamCount,libAudio.cpp
d8FcbzfAdQw,AvPlayer::AvPlayerGetStreamInfo,libAudio.cpp
ctTAcF5DiKQ,AvPlayer::AvPlayerGetStreamInfoEx,libAudio.cpp
BOVKAzRmuTQ,AvPlayer::AvPlayerDisableStream,libAudio.cpp
ODJK2sn9w4A,AvPlayer::AvPlayerEnableStream,libAudio.cpp
buMCiJftcfw,AvPlayer::AvPlayerChangeStream,libAudio.cpp
ET4Gr-Uu07s,AvPlayer::AvPlayerStart,libAudio.cpp
NxSdL9t-KXk,AvPlayer::AvPlayerStartEx,libAudio.cpp
ZC17w3vB5Lo,AvPlayer::AvPlayerStop,libAudio.cpp
9y5v+fGN4Wk,AvPlayer::AvPlayerPause,libAudio.cpp
w5moABNwnRY,AvPlayer::AvPlayerResume,libAudio.cpp
k-q+xOxdc3E,AvPlayer::AvPlayerSetAvSyncMode,libAudio.cpp
N6Oy-EjduiY,AvPlayer::AvPlayerSetAvailableBandwidth,libAudio.cpp
OVths0xGfho,AvPlayer::AvPlayerSetLooping,libAudio.cpp
av8Z++94rs0,AvPlayer::AvPlayerSetTrickSpeed,libAudio.cpp
o3+RWnHViSg,AvPlayer::AvPlayerGetVideoData,libAudio.cpp
JdksQu8pNdQ,AvPlayer::AvPlayerGetVideoDataEx,libAudio.cpp
Wnp1OVcrZgk,AvPlayer::AvPlayerGetAudioData,libAudio.cpp
UbQoYawOsfY,AvPlayer::AvPlayerIsActive,libAudio.cpp
wwM99gjFf1Y,AvPlayer::AvPlayerCurrentTime,libAudio.cpp
XC9wM+xULz8,AvPlayer::AvPlayerJumpToTime,libAudio.cpp
NkJwDzKmIlw,AvPlayer::AvPlayerClose,libAudio.cpp
eBTreZ84JFY,AvPlayer::AvPlayerSetLogCallback,libAudio.cpp
VjhsmxpcezI,AudiodecInitLibrary,libAudio.cpp
h5jSB2QIDV0,AudiodecTermLibrary,libAudio.cpp
O3f1sLMWRvs,AudiodecCreateDecoder,libAudio.cpp
Tp+ZEy69mLk,AudiodecDeleteDecoder,libAudio.cpp
KHXHMDLkILw,AudiodecDecode,libAudio.cpp
6Vf9WTLDoss,AudiodecClearContext,libAudio.cpp
UmCvjSmuZIw,Audio3d::Audio3dInitialize,libAudio.cpp
Im+jOoa5WAI,Audio3d::Audio3dGetDefaultOpenParameters,libAudio.cpp
XeDDK0xJWQA,Audio3d::Audio3dPortOpen,libAudio.cpp
Yq9bfUQ0uJg,Audio3d::Audio3dPortSetAttribute,libAudio.cpp
YaaDbDwKpFM,Audio3d::Audio3dPortGetQueueLevel,libAudio.cpp
lw0qrdSjZt8,Audio3d::Audio3dPortAdvance,libAudio.cpp
VEVhZ9qd4ZY,Audio3d::Audio3dPortPush,libAudio.cpp
AQkj7C0f3PY,Ngs2::Ngs2SystemResetOption,libAudio.cpp
pgFAiLR5qT4,Ngs2::Ngs2SystemQueryBufferSize,libAudio.cpp
koBbCMvOKWw,Ngs2::Ngs2SystemCreate,libAudio.cpp
mPYgU4oYpuY,Ngs2::Ngs2SystemCreateWithAllocator,libAudio.cpp
u-WrYDaJA3k,Ngs2::Ngs2SystemDestroy,libAudio.cpp
vU7TQ62pItw,Ngs2::Ngs2SystemGetInfo,libAudio.cpp
U546k6orxQo,Ngs2::Ngs2RackCreateWithAllocator,libAudio.cpp
cLV4aiT9JpA,Ngs2::Ngs2RackCreate,libAudio.cpp
0eFLVCfWVds,Ngs2::Ngs2RackQueryBufferSize,libAudio.cpp
lCqD7oycmIM,Ngs2::Ngs2RackDestroy,libAudio.cpp
MwmHz8pAdAo,Ngs2::Ngs2RackGetVoiceHandle,libAudio.cpp
MzTa7VLjogY,Ngs2::Ngs2RackLock,libAudio.cpp
++YZ7P9e87U,Ngs2::Ngs2RackUnlock,libAudio.cpp
uu94irFOGpA,Ngs2::Ngs2VoiceControl,libAudio.cpp
AbYvTOZ8Pts,Ngs2::Ngs2VoiceRunCommands,libAudio.cpp
-TOuuAQ-buE,Ngs2::Ngs2VoiceGetState,libAudio.cpp
rEh728kXk3w,Ngs2::Ngs2VoiceGetStateFlags,libAudio.cpp
i0VnXM-C9fc,Ngs2::Ngs2SystemRender,libAudio.cpp
l4Q2dWEH6UM,Ngs2::Ngs2SystemSetGrainSamples,libAudio.cpp
hyVLT2VlOYk,Ngs2::Ngs2ParseWaveformData,libAudio.cpp
3pCNbVM11UA,Ngs2::Ngs2CalcWaveformBlock,libAudio.cpp
xa8oL9dmXkM,Ngs2::Ngs2PanInit,libAudio.cpp
gbMKV+8Enuo,Ngs2::Ngs2PanGetVolumeMatrix,libAudio.cpp
7Lcfo8SmpsU,Ngs2::Ngs2GeomResetListenerParam,libAudio.cpp
0lbbayqDNoE,Ngs2::Ngs2GeomResetSourceParam,libAudio.cpp
1WsleK-MTkE,Ngs2::Ngs2GeomCalcListener,libAudio.cpp
eF8yRCC6W64,Ngs2::Ngs2GeomApply,libAudio.cpp
NWtTN10cJzE,LibcInternalExt::LibcHeapGetTraceInfo,libC.cpp
qBS714-Jr3g,LibcInternalExt::LibcInternalExtCxaThreadAtexit,libC.cpp
2sWzhYqFH4E,stdout,libC.cpp
GMpvxPFW924,LibcInternal::vprintf,libC.cpp
MUjC4lbHrK4,LibcInternal::fflush,libC.cpp
8zTFvBIAIN8,LibcInternal::memset,libC.cpp
Q3VBxCXhUHs,LibcInternal::memcpy,libC.cpp
+P6FRGH4LfA,LibcInternal::memmove,libC.cpp
DfivPArhucg,LibcInternal::memcmp,libC.cpp
aesyjrHVWy4,LibcInternal::strcmp,libC.cpp
Ovb2dSJOAuE,LibcInternal::strncmp,libC.cpp
j4ViWNHEgww,LibcInternal::strlen,libC.cpp
5Xa2ACNECdo,LibcInternal::strcpy,libC.cpp
6sJWiWSRuqk,LibcInternal::strncpy,libC.cpp
Ls4tzzhimqQ,LibcInternal::strcat,libC.cpp
ob5xAW4ln-0,LibcInternal::strchr,libC.cpp
9yDWMxEFdJU,LibcInternal::strrchr,libC.cpp
viiwFMaNamA,LibcInternal::strstr,libC.cpp
mXlxhmLNMPg,LibcInternal::strtol,libC.cpp
QxmSHBCuKTk,LibcInternal::strtoul,libC.cpp
zlfEH8FmyUA,LibcInternal::strtoul,libC.cpp
fPxypibz2MY,LibcInternal::atoi,libC.cpp
Q4rRL34CEeE,LibcInternal::sinf,libC.cpp
-P6FNMzk2Kc,LibcInternal::cosf,libC.cpp
pztV4AF18iI,LibcInternal::sincosf,libC.cpp
H8ya2H00jbI,LibcInternal::sin,libC.cpp
2WE3BTYVwKM,LibcInternal::cos,libC.cpp
jMB7EFyu30Y,LibcInternal::sincos,libC.cpp
eLdDw6l0-bU,LibcInternal::snprintf,libC.cpp
L1SBTkC+Cvw,LibC::abort,libC.cpp
tsvEmnenz48,LibC::cxa_atexit,libC.cpp
H2e8t5ScQGc,LibC::cxa_finalize,libC.cpp
DiGVep5yB5w,LibC::std_execute_once,libC.cpp
al3JzFI9MQ0,LibcInternal::LibcHeapErrorReportForGame,libC.cpp
uMei1W9uyNo,LibC::exit,libC.cpp
L1SBTkC+Cvw,LibC::abort,libC.cpp
9BcDykPmo1I,LibC::libc_error,libC.cpp
bzQExy189ZI,LibC::init_env,libC.cpp
8G2LB+A3rzg,LibC::atexit,libC.cpp
hcuQgD53UxM,LibC::libc_printf,libC.cpp
YQ0navp+YIc,LibC::puts,libC.cpp
M4YYbSFfJ8g,LibC::setenv,libC.cpp
wLlFkwG9UcQ,LibC::libc_time,libC.cpp
-VVn74ZyhEs,LibC::libc_difftime,libC.cpp
1mecP7RgI2A,LibC::libc_gmtime,libC.cpp
efhK-YSUYYQ,LibC::libc_localtime,libC.cpp
n7AepwR0s34,LibC::libc_mktime,libC.cpp
Av3zjWi64Kw,LibC::libc_strftime,libC.cpp
XKRegsFpEpk,LibC::catchReturnFromMain,libC.cpp
tsvEmnenz48,LibC::cxa_atexit,libC.cpp
H2e8t5ScQGc,LibC::cxa_finalize,libC.cpp
DiGVep5yB5w,LibC::std_execute_once,libC.cpp
ZiDCxUUGbec,LibCes::CesUcsProfileInitSJis1997Cp932,libCes.cpp
538bRGc6Zo8,LibCes::CesMbcsUcsContextInit,libCes.cpp
r7Sr1i7KLus,LibCes::CesMbcsStrGetUtf8Len,libCes.cpp
yGKn6vdYInc,LibCes::CesMbcsStrToUtf8Str,libCes.cpp
LPzYZ+FR0BI,LibCes::CesRefersUcsProfileCp1252,libCes.cpp
3Q1gOWWarcw,LibCes::CesUtf8ToSbc,libCes.cpp
xTd54EEL1Ao,LibCes::CesSbcToUtf8,libCes.cpp
mUuUOWI-C+0,ConvertKeycode::ConvertKeycodeGetImeKeyboardType,libConvertKeycode.cpp
xLoVJKHvRMU,DbgAddressSanitizer::asan_init,libDbgAsan.cpp
GY2I-Okc7q0,DbgAddressSanitizer::asan_version_mismatch_check_v8,libDbgAsan.cpp
W+2HQAGdPuU,DbgAddressSanitizer::asan_register_elf_globals,libDbgAsan.cpp
G9xSYlaNv+Y,DbgAddressSanitizer::asan_before_dynamic_init,libDbgAsan.cpp
z5Gy5T3tptE,DbgAddressSanitizer::asan_after_dynamic_init,libDbgAsan.cpp
g+Neom2EHO8,DbgAddressSanitizer::asan_memcpy,libDbgAsan.cpp
q-hZf47nHhQ,DbgAddressSanitizer::asan_memset,libDbgAsan.cpp
EboejOQvLL4,LibRazorCpu::RazorCpuIsCapturing,libDebug.cpp
uoUpLGNkygk,CommonDialog::CommonDialogInitialize,libDialog.cpp
BQ3tey0JmQM,CommonDialog::CommonDialogIsUsed,libDialog.cpp
CRD+jSErEJQ,ImeDialog::ImeDialogGetPanelSizeExtended,libDialog.cpp
IADmD4tScBY,ImeDialog::ImeDialogGetStatus,libDialog.cpp
gyTyVn+bXMw,ImeDialog::ImeDialogTerm,libDialog.cpp
x01jxu+vxlc,ImeDialog::ImeDialogGetResult,libDialog.cpp
wqsJvRXwl58,ImeDialog::ImeDialogGetPanelSize,libDialog.cpp
NUeBrN7hzf0,ImeDialog::ImeDialogInit,libDialog.cpp
oBmw4xrmfKs,ImeDialog::ImeDialogAbort,libDialog.cpp
8jqzzPioYl8,ImeDialog::ImeDialogGetPanelPositionAndForm,libDialog.cpp
qP-EvQRl2Hc,LoginDialog::LoginDialogInitialize,libDialog.cpp
vMQJRUKsf3U,LoginDialog::LoginDialogTerminate,libDialog.cpp
S56ra1+Tymg,LoginDialog::LoginDialogOpen,libDialog.cpp
F0XIzrG5yvw,LoginDialog::LoginDialogClose,libDialog.cpp
2rc+egSfb5A,LoginDialog::LoginDialogUpdateStatus,libDialog.cpp
HAiWUEwEfGo,LoginDialog::LoginDialogGetStatus,libDialog.cpp
Btkx21f1M8k,LoginDialog::LoginDialogGetResult,libDialog.cpp
3NPobi5lNmk,LoginDialog::LoginDialogParamInitialize,libDialog.cpp
mlYGfmqE3fQ,SigninDialog::SigninDialogInitialize,libDialog.cpp
LXlmS6PvJdU,SigninDialog::SigninDialogTerminate,libDialog.cpp
JlpJVoRWv7U,SigninDialog::SigninDialogOpen,libDialog.cpp
M3OkENHcyiU,SigninDialog::SigninDialogClose,libDialog.cpp
Bw31liTFT3A,SigninDialog::SigninDialogUpdateStatus,libDialog.cpp
2m077aeC+PA,SigninDialog::SigninDialogGetStatus,libDialog.cpp
nqG7rqnYw1U,SigninDialog::SigninDialogGetResult,libDialog.cpp
ERKzksauAJA,SaveDataDialog::SaveDataDialogGetStatus,libDialog.cpp
KK3Bdg1RWK0,SaveDataDialog::SaveDataDialogUpdateStatus,libDialog.cpp
YuH2FA7azqQ,SaveDataDialog::SaveDataDialogTerminate,libDialog.cpp
V-uEeFKARJU,SaveDataDialog::SaveDataDialogProgressBarInc,libDialog.cpp
hay1CfTmLyA,SaveDataDialog::SaveDataDialogProgressBarSetValue,libDialog.cpp
fH46Lag88XY,SaveDataDialog::SaveDataDialogClose,libDialog.cpp
yEiJ-qqr6Cg,SaveDataDialog::SaveDataDialogGetResult,libDialog.cpp
ERKzksauAJA,SaveDataDialog::SaveDataDialogGetStatus,libDialog.cpp
s9e3+YpRnzw,SaveDataDialog::SaveDataDialogInitialize,libDialog.cpp
en7gNVnh878,SaveDataDialog::SaveDataDialogIsReadyToDisplay,libDialog.cpp
4tPhsP6FpDI,SaveDataDialog::SaveDataDialogOpen,libDialog.cpp
V-uEeFKARJU,SaveDataDialog::SaveDataDialogProgressBarInc,libDialog.cpp
hay1CfTmLyA,SaveDataDialog::SaveDataDialogProgressBarSetValue,libDialog.cpp
YuH2FA7azqQ,SaveDataDialog::SaveDataDialogTerminate,libDialog.cpp
KK3Bdg1RWK0,SaveDataDialog::SaveDataDialogUpdateStatus,libDialog.cpp
HTrcDKlFKuM,MsgDialog::MsgDialogClose,libDialog.cpp
Lr8ovHH9l6A,MsgDialog::MsgDialogGetResult,libDialog.cpp
CWVW78Qc3fI,MsgDialog::MsgDialogGetStatus,libDialog.cpp
lDqxaY1UbEo,MsgDialog::MsgDialogInitialize,libDialog.cpp
b06Hh0DPEaE,MsgDialog::MsgDialogOpen,libDialog.cpp
Gc5k1qcK4fs,MsgDialog::MsgDialogProgressBarInc,libDialog.cpp
6H-71OdrpXM,MsgDialog::MsgDialogProgressBarSetMsg,libDialog.cpp
wTpfglkmv34,MsgDialog::MsgDialogProgressBarSetValue,libDialog.cpp
ePw-kqZmelo,MsgDialog::MsgDialogTerminate,libDialog.cpp
6fIC3XKt2k0,MsgDialog::MsgDialogUpdateStatus,libDialog.cpp
ekXHb1kDBl0,ErrorDialog::ErrorDialogClose,libDialog.cpp
t2FvHRXzgqk,ErrorDialog::ErrorDialogGetStatus,libDialog.cpp
I88KChlynSs,ErrorDialog::ErrorDialogInitialize,libDialog.cpp
M2ZF-ClLhgY,ErrorDialog::ErrorDialogOpen,libDialog.cpp
9XAxK2PMwk8,ErrorDialog::ErrorDialogTerminate,libDialog.cpp
WWiGuh9XfgQ,ErrorDialog::ErrorDialogUpdateStatus,libDialog.cpp
CUKn5pX-NVY,Font::FontAttachDeviceCacheBuffer,libFont.cpp
vzHs3C8lWJk,Font::FontCloseFont,libFont.cpp
WaSFJoRWXaI,Font::FontCreateRendererWithEdition,libFont.cpp
exAxkyVLt0s,Font::FontDestroyRenderer,libFont.cpp
3OdRkSjOcog,Font::FontBindRenderer,libFont.cpp
Z2cdsqJH+5k,Font::FontRebindRenderer,libFont.cpp
1QjhKxrsOB8,Font::FontUnbindRenderer,libFont.cpp
N1EBMeGhf7E,Font::FontSetScalePixel,libFont.cpp
TMtqoFQjjbA,Font::FontSetEffectSlant,libFont.cpp
v0phZwa4R5o,Font::FontSetEffectWeight,libFont.cpp
6vGCkkQJOcI,Font::FontSetupRenderScalePixel,libFont.cpp
lz9y9UFO2UU,Font::FontSetupRenderEffectSlant,libFont.cpp
XIGorvLusDQ,Font::FontSetupRenderEffectWeight,libFont.cpp
imxVx8lm+KM,Font::FontGetHorizontalLayout,libFont.cpp
3BrWWFU+4ts,Font::FontGetVerticalLayout,libFont.cpp
8h-SOB-asgk,Font::FontDefineAttribute,libFont.cpp
nWrfPI4Okmg,Font::FontCreateLibrary,libFont.cpp
n590hj5Oe-k,Font::FontCreateLibraryWithEdition,libFont.cpp
MO24vDhmS4E,Font::FontCreateString,libFont.cpp
7rogx92EEyc,Font::FontCreateWritingLine,libFont.cpp
SSCaczu2aMQ,Font::FontDestroyString,libFont.cpp
PEjv7CVDRYs,Font::FontDestroyWritingLine,libFont.cpp
LHDoRWVFGqk,Font::FontDeleteGlyph,libFont.cpp
FXP359ygujs,Font::FontDestroyLibrary,libFont.cpp
C-4Qw5Srlyw,Font::FontGenerateCharGlyph,libFont.cpp
L97d+3OgMlE,Font::FontGetCharGlyphMetrics,libFont.cpp
IQtleGLL5pQ,Font::FontGetRenderCharGlyphMetrics,libFont.cpp
8-zmgsxkBek,Font::FontGlyphDefineAttribute,libFont.cpp
whrS4oksXc4,Font::FontMemoryInit,libFont.cpp
h6hIgxXEiEc,Font::FontMemoryTerm,libFont.cpp
JzCH3SCFnAU,Font::FontOpenFontInstance,libFont.cpp
KXUpebrFk1U,Font::FontOpenFontMemory,libFont.cpp
cKYtVmeSTcw,Font::FontOpenFontSet,libFont.cpp
3G4zhgKuxE8,Font::FontRenderCharGlyphImageHorizontal,libFont.cpp
kAenWy1Zw5o,Font::FontRenderCharGlyphImageHorizontal,libFont.cpp
i6UNdSig1uE,Font::FontRenderCharGlyphImageHorizontal,libFont.cpp
gdUCnU0gHdI,Font::FontRenderSurfaceInit,libFont.cpp
vRxf4d0ulPs,Font::FontRenderSurfaceSetScissor,libFont.cpp
ObkDGDBsVtw,Font::FontStringGetTerminateCode,libFont.cpp
+B-xlbiWDJ4,Font::FontStringGetTerminateOrder,libFont.cpp
o1vIEHeb6tw,Font::FontStringGetWritingForm,libFont.cpp
hq5LffQjz-s,Font::FontStringRefersRenderCharacters,libFont.cpp
Avv7OApgCJk,Font::FontStringRefersTextCharacters,libFont.cpp
oaJ1BpN2FQk,Font::FontTextSourceInit,libFont.cpp
VRFd3diReec,Font::FontTextSourceRewind,libFont.cpp
eCRMCSk96NU,Font::FontTextSourceSetDefaultFont,libFont.cpp
OqQKX0h5COw,Font::FontTextSourceSetWritingForm,libFont.cpp
6DFUkCwQLa8,Font::FontCharacterGetBidiLevel,libFont.cpp
coCrV6IWplE,Font::FontCharacterGetSyllableStringState,libFont.cpp
zN3+nuA0SFQ,Font::FontCharacterGetTextFontCode,libFont.cpp
mxgmMj-Mq-o,Font::FontCharacterGetTextOrder,libFont.cpp
-P6X35Rq2-E,Font::FontCharacterLooksFormatCharacters,libFont.cpp
SaRlqtqaCew,Font::FontCharacterLooksWhiteSpace,libFont.cpp
6Gqlv5KdTbU,Font::FontCharacterRefersTextBack,libFont.cpp
BkjBP+YC19w,Font::FontCharacterRefersTextNext,libFont.cpp
lVSR5ftvNag,Font::FontCharactersRefersTextCodes,libFont.cpp
IPoYwwlMx-g,Font::FontTextCodesStepBack,libFont.cpp
olSmXY+XP1E,Font::FontTextCodesStepNext,libFont.cpp
fljdejMcG1c,Font::FontWritingGetRenderMetrics,libFont.cpp
fD5rqhEXKYQ,Font::FontWritingInit,libFont.cpp
1+DgKL0haWQ,Font::FontWritingLineClear,libFont.cpp
JQKWIsS9joE,Font::FontWritingLineGetOrderingSpace,libFont.cpp
nlU2VnfpqTM,Font::FontWritingLineGetRenderMetrics,libFont.cpp
+FYcYefsVX0,Font::FontWritingLineRefersRenderStep,libFont.cpp
wyKFUOWdu3Q,Font::FontWritingLineWritesOrder,libFont.cpp
W-2WOXEHGck,Font::FontWritingRefersRenderStep,libFont.cpp
f4Onl7efPEY,Font::FontWritingRefersRenderStepCharacter,libFont.cpp
BbCZjJizU4A,Font::FontWritingSetMaskInvisible,libFont.cpp
mz2iTY0MK4A,Font::FontSupportExternalFonts,libFont.cpp
SsRbbCiWoGw,Font::FontSupportSystemFonts,libFont.cpp
oM+XCzVG3oM,FontFt::FontSelectLibraryFt,libFontFt.cpp
Xx974EW-QFY,FontFt::FontSelectRendererFt,libFontFt.cpp
c812oYs7Vsc,Hmd2::Hmd2Initialize,libHmd2.cpp
bIi4YUfSRys,Hmd2::Hmd2GetDeviceInformation,libHmd2.cpp
gF8+lvc7GuQ,Hmd2::Hmd2GetFieldOfViewWithoutHandle,libHmd2.cpp
U-CnbmeyYaA,Hmd2::Hmd2ReprojectionQueryBufferSizeAlign,libHmd2.cpp
-C2nkoEYOnU,Hmd2::Hmd2ReprojectionQueryDisplayBufferSizeAlign,libHmd2.cpp
C0rPwER-yxg,Hmd2::Hmd2ReprojectionInitialize,libHmd2.cpp
VVvFh51o20s,Hmd2::Hmd2ReprojectionEnableVrMode,libHmd2.cpp
FkQX7rjFomk,Hmd2::Hmd2ReprojectionSetTiming,libHmd2.cpp
-hJRce8wn1U,LibJson2::JsonMemAllocatorCtor,libJson2.cpp
WSOuge5IsCg,LibJson2::JsonInitParameter2Ctor,libJson2.cpp
GvGvswb0v34,LibJson2::JsonInitParameter2Ctor,libJson2.cpp
I2QC8PYhJWY,LibJson2::JsonInitParameter2SetAllocator,libJson2.cpp
W72B9ylU2JA,LibJson2::JsonInitParameter2SetAllocator,libJson2.cpp
Eu95jmqn5Rw,LibJson2::JsonInitParameter2SetFileBufferSize,libJson2.cpp
WVZBP4IyM+E,LibJson2::JsonInitParameter2SetSpecialFloatFormatType,libJson2.cpp
cK6bYHf-Q5E,LibJson2::JsonInitializerCtor,libJson2.cpp
IXW-z8pggfg,LibJson2::JsonInitializerInitialize,libJson2.cpp
Cxwy7wHq4J0,LibJson2::JsonInitializerInitializeV1,libJson2.cpp
PR5k1penBLM,LibJson2::JsonInitializerTerminate,libJson2.cpp
RujUxbr3haM,LibJson2::JsonInitializerDtor,libJson2.cpp
OcAgPxcq5Vk,LibJson2::JsonMemAllocatorDtor,libJson2.cpp
qBMjqyBn3OM,LibJson2::JsonValueCtor,libJson2.cpp
-wa17B7TGnw,LibJson2::JsonValueCtor,libJson2.cpp
fSb2oQTNrgA,LibJson2::JsonValueCopyCtor,libJson2.cpp
CbrT3dwDILo,LibJson2::JsonValueTypeCtor,libJson2.cpp
WTtYf+cNnXI,LibJson2::JsonValueDtor,libJson2.cpp
0eUrW9JAxM0,LibJson2::JsonValueDtor,libJson2.cpp
S5JxQnoGF3E,LibJson2::JsonParserParse,libJson2.cpp
HwDt5lD9Bfo,LibJson2::JsonValueIndexString,libJson2.cpp
epJ6x2LV0kU,LibJson2::JsonValueGetString,libJson2.cpp
L1KAkYWml-M,LibJson2::JsonStringCStr,libJson2.cpp
OJPTonqdg0I,LibJson2::JsonObjectCtor,libJson2.cpp
sZIoMRGO+jk,LibJson2::JsonValueStringCtor,libJson2.cpp
ERuf9y0DY84,LibJson2::JsonObjectIndex,libJson2.cpp
4zrm6VrgIAw,LibJson2::JsonValueAssign,libJson2.cpp
a+W7HHlwpBs,LibJson2::JsonObjectCopyCtor,libJson2.cpp
5JmzZt8twAo,LibJson2::JsonObjectDtor,libJson2.cpp
nM5XqdeXFPw,LibJson2::JsonValueReferArray,libJson2.cpp
-NxEk7XLkDY,LibJson2::JsonValueReferObject,libJson2.cpp
JP-PtKMiI1E,LibJson2::JsonArrayCtor,libJson2.cpp
HJ8GpRT1aiw,LibJson2::JsonArrayDtor,libJson2.cpp
iZeYfOxtMRg,LibJson2::JsonValueArrayCtor,libJson2.cpp
dFCphqnd+a4,LibJson2::JsonValueSetObject,libJson2.cpp
zQtLRTqceMY,LibJson2::JsonArrayPushBack,libJson2.cpp
0lLK8+kDqmE,LibJson2::JsonValueIntCtor,libJson2.cpp
urOpESTBZmo,LibJson2::JsonObjectAssign,libJson2.cpp
zTwZdI8AZ5Y,LibJson2::JsonValueGetBoolean,libJson2.cpp
R7FDWtcN6f8,LibJson2::JsonValueSerialize,libJson2.cpp
wLsJlmgEIaI,LibJson2::JsonValueReferValueKey,libJson2.cpp
Ncel8t2Rrpc,LibJson2::JsonValueToString,libJson2.cpp
oH8aBmLU+fc,LibJson2::JsonObjectClear,libJson2.cpp
bAM9Qwofus0,LibJson2::JsonArrayBack,libJson2.cpp
UeuWT+yNdCQ,LibJson2::JsonValueBoolCtor,libJson2.cpp
3xUXnmUkXfo,LibJson2::JsonValueObjectCtor,libJson2.cpp
cn9svYGWKDQ,LibJson2::JsonStringAssign,libJson2.cpp
b9V6fmppLXY,LibJson2::JsonValueCStringCtor,libJson2.cpp
EUH+EmT-v9E,LibJson2::JsonStringLength,libJson2.cpp
XlWbvieLj2M,LibJson2::JsonValueIndexUInt,libJson2.cpp
IlsmvBtMkak,LibJson2::JsonValueGetObject,libJson2.cpp
SHtAad20YYM,LibJson2::JsonValueGetType,libJson2.cpp
DIxvoy7Ngvk,LibJson2::JsonValueGetInteger,libJson2.cpp
qSmqLXXCPas,LibJson2::JsonStringCtor,libJson2.cpp
ONT8As5R1ug,LibJson2::JsonValueGetArray,libJson2.cpp
3qrge7L-AU4,LibJson2::JsonValueGetReal,libJson2.cpp
sOmU4vnx3s0,LibJson2::JsonValueDoubleCtor,libJson2.cpp
rQGJeNjOuUk,LibJson2::JsonArraySize,libJson2.cpp
bcH5EnFE2xY,LibJson2::JsonArrayBegin,libJson2.cpp
WXF2ihRF+B8,LibJson2::JsonArrayEnd,libJson2.cpp
5AZPp99ogrc,LibJson2::JsonArrayIteratorNotEqual,libJson2.cpp
wcgr5mte7T8,LibJson2::JsonArrayIteratorDereference,libJson2.cpp
w5+VCznos5E,LibJson2::JsonArrayIteratorIncrement,libJson2.cpp
9yLjn46Ypfs,LibJson2::JsonArrayIteratorDtor,libJson2.cpp
5yHuiWXo2gg,LibJson2::JsonValueSetBool,libJson2.cpp
QxVVYhP-mvg,LibJson2::JsonValueSetInt,libJson2.cpp
SIe1ZmW7e7s,LibJson2::JsonValueSetUInt,libJson2.cpp
BSmWDIkV4w4,LibJson2::JsonValueSetDouble,libJson2.cpp
6l3Bv2gysNc,LibJson2::JsonValueSetString,libJson2.cpp
9KUZFjI1IxA,LibJson2::JsonStringCStringCtor,libJson2.cpp
cG1VE2HMl6c,LibJson2::JsonStringDtor,libJson2.cpp
IKQimvG9Wqs,LibJson2::JsonValueSetType,libJson2.cpp
RBw+4NukeGQ,LibJson2::JsonValueCount,libJson2.cpp
+drDFyAS6u4,LibJson2::JsonInitializerSetGlobalNullAccessCallback,libJson2.cpp
00oCq0RwSAY,LibJson2::JsonInitializerSetGlobalNullAccessCallback,libJson2.cpp
FIjXN2TkuTs,LibJson2::JsonValueClearMethod,libJson2.cpp
YFC3dBBipj8,WriteThrottlingStub,libKernel.cpp
k+AXqu2-eBc,getpagesize,libKernel.cpp
lLMT9vJAck0,clock_gettime,libKernel.cpp
smIj7eqzZE8,clock_getres,libKernel.cpp
n88vx3C5nW8,gettimeofday,libKernel.cpp
NhpspxdjEKU,nanosleep,libKernel.cpp
yS8U2TGCe1A,nanosleep,libKernel.cpp
E6ao34wPw+U,stat,libKernel.cpp
JGMio+21L4c,mkdir,libKernel.cpp
ih4CD9-gghM,Posix::ftruncate,libKernel.cpp
pDuPEf3m4fI,Posix::sem_init,libKernel.cpp
cDW233RAwWo,Posix::sem_destroy,libKernel.cpp
YCV5dGGBcCo,Posix::sem_wait,libKernel.cpp
WBWzsRifCEA,Posix::sem_trywait,libKernel.cpp
4SbrhCozqQU,Posix::sem_reltimedwait_np,libKernel.cpp
w5IHyvahg-o,Posix::sem_timedwait,libKernel.cpp
IKP8typ0QUk,Posix::sem_post,libKernel.cpp
Bq+LRV-N6Hk,Posix::sem_getvalue,libKernel.cpp
OxhIB8LB-PQ,Posix::pthread_create,libKernel.cpp
Jmi+9w9u0E4,Posix::pthread_create_name_np,libKernel.cpp
+U1R4WtXvoc,Posix::pthread_detach,libKernel.cpp
FJrT5LuUBAU,Posix::pthread_exit,libKernel.cpp
EotR8a3ASf4,Posix::pthread_self,libKernel.cpp
9vyP6Z7bqzc,Posix::pthread_rename_np,libKernel.cpp
lZzFeSxPl08,Posix::pthread_setcancelstate,libKernel.cpp
a2P9wYGeZvc,Posix::pthread_setprio,libKernel.cpp
FIs3-UQT9sg,Posix::pthread_getschedparam,libKernel.cpp
P41kTWUS3EI,Posix::pthread_getschedparam,libKernel.cpp
Xs9hdiD7sAA,Posix::pthread_setschedparam,libKernel.cpp
oIRFTjoILbg,Posix::pthread_setschedparam,libKernel.cpp
B5GmVDKwpn0,Posix::pthread_yield,libKernel.cpp
h9CcP3J0oVM,Posix::pthread_join,libKernel.cpp
wtkt-teR1so,Posix::pthread_attr_init,libKernel.cpp
zHchY8ft5pk,Posix::pthread_attr_destroy,libKernel.cpp
vQm4fDEsWi8,Posix::pthread_attr_getstack,libKernel.cpp
2Q0z6rnBrTE,Posix::pthread_attr_setstacksize,libKernel.cpp
Ucsu-OK+els,Posix::pthread_attr_get_np,libKernel.cpp
RtLRV-pBTTY,Posix::pthread_attr_getschedpolicy,libKernel.cpp
JarMIy8kKEY,Posix::pthread_attr_setschedpolicy,libKernel.cpp
E+tyo3lp5Lw,Posix::pthread_attr_setdetachstate,libKernel.cpp
euKRgm0Vn2M,Posix::pthread_attr_setschedparam,libKernel.cpp
7ZlAakEf0Qg,Posix::pthread_attr_setinheritsched,libKernel.cpp
0qOtCR-ZHck,Posix::pthread_attr_getstacksize,libKernel.cpp
VUT1ZSrHT0I,Posix::pthread_attr_getdetachstate,libKernel.cpp
JKyG3SWyA10,Posix::pthread_attr_setguardsize,libKernel.cpp
JNkVVsVDmOk,Posix::pthread_attr_getguardsize,libKernel.cpp
qlk9pSLsUmM,Posix::pthread_attr_getschedparam,libKernel.cpp
FXPWHNk8Of0,Posix::pthread_attr_getschedparam,libKernel.cpp
7Xl257M4VNI,LibKernel::PthreadEqual,libKernel.cpp
7H0iTOciTLo,Posix::pthread_mutex_lock,libKernel.cpp
K-jXhbt2gn4,Posix::pthread_mutex_trylock,libKernel.cpp
2Z+PpY6CaJg,Posix::pthread_mutex_unlock,libKernel.cpp
ttHNfU+qDBU,Posix::pthread_mutex_init,libKernel.cpp
dQHWEsJtoE4,Posix::pthread_mutexattr_init,libKernel.cpp
mDmgMOGVUqg,Posix::pthread_mutexattr_settype,libKernel.cpp
5txKfcMUAok,Posix::pthread_mutexattr_setprotocol,libKernel.cpp
HF7lK46xzjY,Posix::pthread_mutexattr_destroy,libKernel.cpp
ltCfaGr2JGE,Posix::pthread_mutex_destroy,libKernel.cpp
mkx2fVhNMsg,Posix::pthread_cond_broadcast,libKernel.cpp
2MOy+rUfuhQ,Posix::pthread_cond_signal,libKernel.cpp
0TyVk4MSLt0,Posix::pthread_cond_init,libKernel.cpp
Op8TBGY5KHg,Posix::pthread_cond_wait,libKernel.cpp
Z4QosVuAsA0,Posix::pthread_once,libKernel.cpp
1471ajPzxh0,Posix::pthread_rwlock_destroy,libKernel.cpp
ytQULN-nhL4,Posix::pthread_rwlock_init,libKernel.cpp
sIlRvQqsN2Y,Posix::pthread_rwlock_wrlock,libKernel.cpp
SFxTMOfuCkE,LibKernel::PthreadRwlockTryrdlock,libKernel.cpp
XhWHn6P5R7U,LibKernel::PthreadRwlockTrywrlock,libKernel.cpp
mqULNdimTn0,Posix::pthread_key_create,libKernel.cpp
6BpEZuDT7YI,Posix::pthread_key_delete,libKernel.cpp
WrOLvHU0yQM,Posix::pthread_setspecific,libKernel.cpp
0-KXaS70xy4,Posix::pthread_getspecific,libKernel.cpp
-quPa4SEJUw,Posix::pthread_getstack,libKernel.cpp
YQOfxL4QfeU,LibKernel::Memory::KernelMprotect,libKernel.cpp
UqDGjXA5yUM,LibKernel::Memory::KernelMunmap,libKernel.cpp
AqBioC2vF3I,LibKernel::read,libKernel.cpp
TU-d9PfIHPM,Posix::socket,libKernel.cpp
KuOmgKoqCdY,Posix::bind,libKernel.cpp
XVL8So3QJUk,Posix::connect,libKernel.cpp
pxnCmagrtao,Posix::listen,libKernel.cpp
3e+4Iv7IJ8U,Posix::accept,libKernel.cpp
RenI1lL1WFk,Posix::getsockname,libKernel.cpp
6O8EwYOgH9Y,Posix::getsockopt,libKernel.cpp
fFxGkxF2bVo,Posix::setsockopt,libKernel.cpp
T8fER+tIGgk,Posix::select,libKernel.cpp
fZOeZIOEmLw,Posix::send,libKernel.cpp
oBr313PppNE,Posix::sendto,libKernel.cpp
Ez8xjo9UF4E,Posix::recv,libKernel.cpp
lUk6wrGXyMw,Posix::recvfrom,libKernel.cpp
4n51s0zEf0c,Posix::inet_pton,libKernel.cpp
5jRCs2axtr4,Posix::inet_ntop,libKernel.cpp
cfwBSQyr5Ys,cfwBSQyr5Ys,libKernel.cpp
hVYD7Ou2pCQ,Fiber::FiberInitialize,libKernel.cpp
7+OJIpko9RY,Fiber::FiberInitializeInternal,libKernel.cpp
asjUJJ+aa8s,Fiber::FiberOptParamInitialize,libKernel.cpp
JeNX5F-NzQU,Fiber::FiberFinalize,libKernel.cpp
a0LLrZWac0M,Fiber::FiberRun,libKernel.cpp
PFT2S-tJ7Uk,Fiber::FiberSwitch,libKernel.cpp
p+zLIOg27zU,Fiber::FiberGetSelf,libKernel.cpp
B0ZX2hx9DMw,Fiber::FiberReturnToThread,libKernel.cpp
avfGJ94g36Q,Fiber::FiberRun,libKernel.cpp
ZqhZFuzKT6U,Fiber::FiberSwitch,libKernel.cpp
uq2Y5BFz0PE,Fiber::FiberGetInfo,libKernel.cpp
Lcqty+QNWFc,Fiber::FiberStartContextSizeCheck,libKernel.cpp
Kj4nXMpnM8Y,Fiber::FiberStopContextSizeCheck,libKernel.cpp
JzyT91ucGDc,Fiber::FiberRename,libKernel.cpp
0dy4JtMUcMQ,Fiber::FiberGetThreadFramePointerAddress,libKernel.cpp
8zLSfEfW5AU,Coredump::sceCoredumpRegisterCoredumpHandler,libKernel.cpp
fFkhOgztiCA,Coredump::sceCoredumpUnregisterCoredumpHandler,libKernel.cpp
1G3lF1Gg1k8,FileSystem::KernelOpen,libKernel.cpp
UK2Tl2DWUns,FileSystem::KernelClose,libKernel.cpp
Cg4srZ6TKbU,FileSystem::KernelRead,libKernel.cpp
4wSze92BhLI,FileSystem::KernelWrite,libKernel.cpp
+r3rMFwItV4,FileSystem::KernelPread,libKernel.cpp
nKWi-N2HBV4,FileSystem::KernelPwrite,libKernel.cpp
eV9wAD2riIA,FileSystem::KernelStat,libKernel.cpp
kBwCPsYX-m4,FileSystem::KernelFstat,libKernel.cpp
AUXVxWeJU-A,FileSystem::KernelUnlink,libKernel.cpp
52NcYU9+lEo,FileSystem::KernelRename,libKernel.cpp
taRWhTJFTgE,FileSystem::KernelGetdirentries,libKernel.cpp
oib76F-12fk,FileSystem::KernelLseek,libKernel.cpp
j2AIqSqJP0w,FileSystem::KernelGetdents,libKernel.cpp
1-LFLmRFxxM,FileSystem::KernelMkdir,libKernel.cpp
naInUjYt3so,FileSystem::KernelRmdir,libKernel.cpp
uWyW3v98sU4,FileSystem::KernelCheckReachability,libKernel.cpp
mL8NDH86iQI,Memory::KernelMapNamedFlexibleMemory,libKernel.cpp
IWIBBdTHit4,Memory::KernelMapFlexibleMemory,libKernel.cpp
DGMG3JshrZU,Memory::KernelSetVirtualRangeName,libKernel.cpp
mkgXxsoxWHg,Memory::KernelClearVirtualRangeName,libKernel.cpp
4h6F1LLbTiw,Memory::KernelMapFlexibleMemory,libKernel.cpp
cQke9UuBQOk,Memory::KernelMunmap,libKernel.cpp
pO96TwzOm5E,Memory::KernelGetDirectMemorySize,libKernel.cpp
C0f7TJcbfac,Memory::KernelAvailableDirectMemorySize,libKernel.cpp
tZ2yplY8MBY,Memory::KernelGetPageTableStats,libKernel.cpp
rTXw65xmLIA,Memory::KernelAllocateDirectMemory,libKernel.cpp
B+vc2AO2Zrc,Memory::KernelAllocateMainDirectMemory,libKernel.cpp
rVjRvHJ0X6c,Memory::KernelVirtualQuery,libKernel.cpp
yDBwVAolDgg,Memory::KernelIsStack,libKernel.cpp
7oxv3PPCumo,Memory::KernelReserveVirtualRange,libKernel.cpp
L-Q3LEjIbgA,Memory::KernelMapDirectMemory,libKernel.cpp
BQQniolj9tQ,Memory::KernelMapDirectMemory2,libKernel.cpp
NcaWUxfMNIQ,Memory::KernelMapNamedDirectMemory,libKernel.cpp
BohYr-F7-is,Memory::KernelSetPrtAperture,libKernel.cpp
L0v2Go5jOuM,Memory::KernelGetPrtAperture,libKernel.cpp
hwVSPCmp5tM,Memory::KernelCheckedReleaseDirectMemory,libKernel.cpp
MBuItvba6z8,Memory::KernelReleaseDirectMemory,libKernel.cpp
jh+8XiK4LeE,Memory::KernelIsAddressSanitizerEnabled,libKernel.cpp
WFcfL2lzido,Memory::KernelQueryMemoryProtection,libKernel.cpp
BHouLQzh0X0,Memory::KernelDirectMemoryQuery,libKernel.cpp
aNz11fnnzi4,Memory::KernelAvailableFlexibleMemorySize,libKernel.cpp
n1-v6FgU7MQ,Memory::KernelConfiguredFlexibleMemorySize,libKernel.cpp
vSMAm3cxYTY,Memory::KernelMprotect,libKernel.cpp
9bfdLIyuwCY,Memory::KernelMtypeprotect,libKernel.cpp
2SKEx6bSq-4,Memory::KernelBatchMap,libKernel.cpp
kBJzF8x4SyE,Memory::KernelBatchMap2,libKernel.cpp
pU-QydtGcGY,Memory::KernelMemoryPoolReserve,libKernel.cpp
qCSfqDILlns,Memory::KernelMemoryPoolExpand,libKernel.cpp
Vzl66WmfLvk,Memory::KernelMemoryPoolCommit,libKernel.cpp
LXo1tpFqJGs,Memory::KernelMemoryPoolDecommit,libKernel.cpp
YN878uKRBbE,Memory::KernelMemoryPoolBatch,libKernel.cpp
bvD+95Q6asU,Memory::KernelMemoryPoolGetBlockStats,libKernel.cpp
D0OdFMjp46I,EventQueue::KernelCreateEqueue,libKernel.cpp
jpFjmgAC5AE,EventQueue::KernelDeleteEqueue,libKernel.cpp
fzyMKs9kim0,EventQueue::KernelWaitEqueue,libKernel.cpp
vz+pg2zdopI,EventQueue::KernelGetEventUserData,libKernel.cpp
mJ7aghmgvfc,EventQueue::KernelGetEventId,libKernel.cpp
23CPPI1tyBY,EventQueue::KernelGetEventFilter,libKernel.cpp
kwGyyjohI50,EventQueue::KernelGetEventData,libKernel.cpp
Q0qr9AyqJSk,EventQueue::KernelGetEventFflags,libKernel.cpp
Uu-iDFC9aUc,EventQueue::KernelGetEventError,libKernel.cpp
4R6-OvI2cEA,EventQueue::KernelAddUserEvent,libKernel.cpp
WDszmSbWuDk,EventQueue::KernelAddUserEventEdge,libKernel.cpp
F6e0kwo4cnk,EventQueue::KernelTriggerUserEvent,libKernel.cpp
LJDwdSNTnDg,EventQueue::KernelDeleteUserEvent,libKernel.cpp
R74tt43xP6k,EventQueue::KernelAddHRTimerEvent,libKernel.cpp
J+LF6LwObXU,EventQueue::KernelDeleteHRTimerEvent,libKernel.cpp
bBfz7kMF2Ho,EventQueue::KernelAddAmprEvent,libKernel.cpp
vuae5JPNt9A,EventQueue::KernelAddAmprSystemEvent,libKernel.cpp
bMmid3pfyjo,EventQueue::KernelDeleteAmprEvent,libKernel.cpp
Ij+ryuEClXQ,EventQueue::KernelDeleteAmprSystemEvent,libKernel.cpp
PZku4ZrXJqg,EventFlag::KernelCancelEventFlag,libKernel.cpp
7uhBFWRAS60,EventFlag::KernelClearEventFlag,libKernel.cpp
BpFoboUJoZU,EventFlag::KernelCreateEventFlag,libKernel.cpp
8mql9OcQnd4,EventFlag::KernelDeleteEventFlag,libKernel.cpp
9lvj5DjHZiA,EventFlag::KernelPollEventFlag,libKernel.cpp
JTvBflhYazQ,EventFlag::KernelWaitEventFlag,libKernel.cpp
IOnSvHzqu6A,EventFlag::KernelSetEventFlag,libKernel.cpp
188x57JYp0g,Semaphore::KernelCreateSema,libKernel.cpp
R1Jvn8bSCW8,Semaphore::KernelDeleteSema,libKernel.cpp
Zxa0VhQVTsk,Semaphore::KernelWaitSema,libKernel.cpp
12wOHk8ywb0,Semaphore::KernelPollSema,libKernel.cpp
4czppHBiriw,Semaphore::KernelSignalSema,libKernel.cpp
4DM06U2BNEY,Semaphore::KernelCancelSema,libKernel.cpp
GEnUkDZoUwY,Semaphore::PthreadSemInit,libKernel.cpp
Vwc+L05e6oE,Semaphore::PthreadSemDestroy,libKernel.cpp
C36iRE0F5sE,Semaphore::PthreadSemWait,libKernel.cpp
H2a+IN9TP0E,Semaphore::PthreadSemTrywait,libKernel.cpp
fjN6NQHhK8k,Semaphore::PthreadSemTimedwait,libKernel.cpp
aishVAiFaYM,Semaphore::PthreadSemPost,libKernel.cpp
DjpBvGlaWbQ,Semaphore::PthreadSemGetvalue,libKernel.cpp
9UK1vLZQft4,LibKernel::PthreadMutexLock,libKernel.cpp
tn3VlD0hG60,LibKernel::PthreadMutexUnlock,libKernel.cpp
2Of0f+3mhhE,LibKernel::PthreadMutexDestroy,libKernel.cpp
cmo1RIYva9o,LibKernel::PthreadMutexInit,libKernel.cpp
upoVrzMHFeE,LibKernel::PthreadMutexTrylock,libKernel.cpp
smWEktiyyG0,LibKernel::PthreadMutexattrDestroy,libKernel.cpp
F8bUHwAG284,LibKernel::PthreadMutexattrInit,libKernel.cpp
iMp8QpE+XO4,LibKernel::PthreadMutexattrSettype,libKernel.cpp
1FGvU0i9saQ,LibKernel::PthreadMutexattrSetprotocol,libKernel.cpp
aI+OeCz8xrQ,LibKernel::PthreadSelf,libKernel.cpp
EotR8a3ASf4,LibKernel::PthreadSelf,libKernel.cpp
6UgtwV+0zb4,LibKernel::PthreadCreate,libKernel.cpp
3PtV6p3QNX4,LibKernel::PthreadEqual,libKernel.cpp
onNY9Byn-W8,LibKernel::PthreadJoin,libKernel.cpp
4qGrR6eoP9Y,LibKernel::PthreadDetach,libKernel.cpp
3kg7rT0NQIs,LibKernel::PthreadExit,libKernel.cpp
qBDmpCyGssE,LibKernel::PthreadCancel,libKernel.cpp
OAmWq+OHSjw,LibKernel::PthreadSetcancelstate,libKernel.cpp
sCJd99Phct0,LibKernel::PthreadSetcanceltype,libKernel.cpp
How7B8Oet6k,LibKernel::PthreadGetname,libKernel.cpp
GBUY7ywdULE,LibKernel::PthreadRename,libKernel.cpp
bt3CTBKmGyI,LibKernel::PthreadSetaffinity,libKernel.cpp
rcrVFJsQWRY,LibKernel::PthreadGetaffinity,libKernel.cpp
1tKyG7RlMJo,LibKernel::PthreadGetprio,libKernel.cpp
W0Hpm2X0uPE,LibKernel::PthreadSetprio,libKernel.cpp
T72hz6ffq08,LibKernel::PthreadYield,libKernel.cpp
6XG4B33N09g,LibKernel::PthreadYield,libKernel.cpp
CBNtXOoef-E,Posix::sched_get_priority_max,libKernel.cpp
m0iS6jNsXds,Posix::sched_get_priority_min,libKernel.cpp
EI-5-jlq2dE,LibKernel::PthreadGetthreadid,libKernel.cpp
geDaqgH9lTg,LibKernel::PthreadKeyCreate,libKernel.cpp
PrdHuuDekhY,LibKernel::PthreadKeyDelete,libKernel.cpp
+BzXYkqYeLE,LibKernel::PthreadSetspecific,libKernel.cpp
eoht7mQOCmo,LibKernel::PthreadGetspecific,libKernel.cpp
62KCwEMmzcM,LibKernel::PthreadAttrDestroy,libKernel.cpp
x1X76arYMxU,LibKernel::PthreadAttrGet,libKernel.cpp
8+s5BzZjxSg,LibKernel::PthreadAttrGetaffinity,libKernel.cpp
nsYoNRywwNg,LibKernel::PthreadAttrInit,libKernel.cpp
JaRMy+QcpeU,LibKernel::PthreadAttrGetdetachstate,libKernel.cpp
-quPa4SEJUw,LibKernel::PthreadAttrGetstack,libKernel.cpp
Ru36fiTtJzA,LibKernel::PthreadAttrGetstackaddr,libKernel.cpp
-fA+7ZlGDQs,LibKernel::PthreadAttrGetstacksize,libKernel.cpp
txHtngJ+eyc,LibKernel::PthreadAttrGetguardsize,libKernel.cpp
9RnL-m0+diQ,LibKernel::PthreadAttrGetsolosched,libKernel.cpp
Bvn74vj6oLo,LibKernel::PthreadAttrSetstack,libKernel.cpp
F+yfmduIBB8,LibKernel::PthreadAttrSetstackaddr,libKernel.cpp
UTXzJbWhhTE,LibKernel::PthreadAttrSetstacksize,libKernel.cpp
2Q0z6rnBrTE,LibKernel::PthreadAttrSetstacksize,libKernel.cpp
-Wreprtu0Qs,LibKernel::PthreadAttrSetdetachstate,libKernel.cpp
El+cQ20DynU,LibKernel::PthreadAttrSetguardsize,libKernel.cpp
eXbUSpEaTsA,LibKernel::PthreadAttrSetinheritsched,libKernel.cpp
DzES9hQF4f4,LibKernel::PthreadAttrSetschedparam,libKernel.cpp
4+h9EzwKF4I,LibKernel::PthreadAttrSetschedpolicy,libKernel.cpp
Dk6FC-TI+7Q,LibKernel::PthreadAttrSetsolosched,libKernel.cpp
3qxgM4ezETA,LibKernel::PthreadAttrSetaffinity,libKernel.cpp
FXPWHNk8Of0,LibKernel::PthreadAttrGetschedparam,libKernel.cpp
6ULAa0fq4jA,LibKernel::PthreadRwlockInit,libKernel.cpp
BB+kb08Tl9A,LibKernel::PthreadRwlockDestroy,libKernel.cpp
Ox9i0c7L5w0,LibKernel::PthreadRwlockRdlock,libKernel.cpp
iGjsr1WAtI0,LibKernel::PthreadRwlockRdlock,libKernel.cpp
+L98PIbGttk,LibKernel::PthreadRwlockUnlock,libKernel.cpp
EgmLo6EWgso,LibKernel::PthreadRwlockUnlock,libKernel.cpp
mqdNorrB+gI,LibKernel::PthreadRwlockWrlock,libKernel.cpp
sIlRvQqsN2Y,LibKernel::PthreadRwlockWrlock,libKernel.cpp
bIHoZCTomsI,LibKernel::PthreadRwlockTrywrlock,libKernel.cpp
XD3mDeybCnk,LibKernel::PthreadRwlockTryrdlock,libKernel.cpp
iPtZRWICjrM,LibKernel::PthreadRwlockTimedrdlock,libKernel.cpp
adh--6nIqTk,LibKernel::PthreadRwlockTimedwrlock,libKernel.cpp
i2ifZ3fS2fo,LibKernel::PthreadRwlockattrDestroy,libKernel.cpp
yOfGg-I1ZII,LibKernel::PthreadRwlockattrInit,libKernel.cpp
qsdmgXjqSgk,LibKernel::PthreadRwlockattrDestroy,libKernel.cpp
xFebsA4YsFI,LibKernel::PthreadRwlockattrInit,libKernel.cpp
h-OifiouBd8,LibKernel::PthreadRwlockattrSettype,libKernel.cpp
2Tb92quprl0,LibKernel::PthreadCondInit,libKernel.cpp
g+PZd2hiacg,LibKernel::PthreadCondDestroy,libKernel.cpp
RXXqi4CtF8w,LibKernel::PthreadCondDestroy,libKernel.cpp
WKAXJ4XBPQ4,LibKernel::PthreadCondWait,libKernel.cpp
JGgj7Uvrl+A,LibKernel::PthreadCondBroadcast,libKernel.cpp
kDh-NfxgMtE,LibKernel::PthreadCondSignal,libKernel.cpp
2MOy+rUfuhQ,LibKernel::PthreadCondSignal,libKernel.cpp
o69RpYO-Mu0,LibKernel::PthreadCondSignalto,libKernel.cpp
BmMjYxmew1w,LibKernel::PthreadCondTimedwait,libKernel.cpp
27bAgiJmOh0,Posix::pthread_cond_timedwait,libKernel.cpp
m5-2bsNfv7s,LibKernel::PthreadCondattrInit,libKernel.cpp
mKoTx03HRWA,Posix::pthread_condattr_init,libKernel.cpp
waPcxYiR3WA,LibKernel::PthreadCondattrDestroy,libKernel.cpp
dJcuQVn6-Iw,Posix::pthread_condattr_destroy,libKernel.cpp
EjllaAqAPZo,Posix::pthread_condattr_setclock,libKernel.cpp
wRYVA5Zolso,LibKernel::KernelClockGetres,libKernel.cpp
QBi7HCK03hw,LibKernel::KernelClockGettime,libKernel.cpp
ejekcaNQNq0,LibKernel::KernelGettimeofday,libKernel.cpp
kOcnerypnQA,LibKernel::KernelGettimezone,libKernel.cpp
0NTHN1NKONI,LibKernel::KernelConvertLocaltimeToUtc,libKernel.cpp
-o5uEDpN+oY,LibKernel::KernelConvertUtcToLocaltime,libKernel.cpp
n88vx3C5nW8,Posix::gettimeofday,libKernel.cpp
-2IRUCO--PM,LibKernel::KernelReadTsc,libKernel.cpp
1j3S3n-tTW4,LibKernel::KernelGetTscFrequency,libKernel.cpp
4J2sUJmuHZQ,LibKernel::KernelGetProcessTime,libKernel.cpp
BNowx2l588E,LibKernel::KernelGetProcessTimeCounterFrequency,libKernel.cpp
fgxnMeTNUtY,LibKernel::KernelGetProcessTimeCounter,libKernel.cpp
7H0iTOciTLo,Posix::pthread_mutex_lock,libKernel.cpp
2Z+PpY6CaJg,Posix::pthread_mutex_unlock,libKernel.cpp
IafI2PxcPnQ,LibKernel::PthreadMutexTimedlock,libKernel.cpp
Io9+nTKXZtA,Posix::pthread_mutex_timedlock,libKernel.cpp
mkx2fVhNMsg,Posix::pthread_cond_broadcast,libKernel.cpp
Op8TBGY5KHg,Posix::pthread_cond_wait,libKernel.cpp
14bOACANTBo,Posix::pthread_once,libKernel.cpp
Z4QosVuAsA0,Posix::pthread_once,libKernel.cpp
Oy6IpwgtYOk,Posix::lseek,libKernel.cpp
ezv-RSBNKqI,Posix::pread,libKernel.cpp
C2kJ-byS5rM,Posix::pwrite,libKernel.cpp
9eMlfusH4sU,Posix::flock,libKernel.cpp
mqQMh1zPPT8,Posix::fstat,libKernel.cpp
z0dtnPxYgtg,chmod,libKernel.cpp
VAzswvTOCzI,FileSystem::KernelUnlink,libKernel.cpp
JGMio+21L4c,Posix::mkdir,libKernel.cpp
wuCroIGjt2g,FileSystem::KernelOpen,libKernel.cpp
bY-PO6JhzhQ,FileSystem::KernelClose,libKernel.cpp
FN4gaPmuFV8,FileSystem::KernelWrite,libKernel.cpp
04AjkP0jO9U,Posix::UmtxOp,libKernel.cpp
1jfXLRVzisc,LibKernel::KernelUsleep,libKernel.cpp
QcteRwbsnV0,LibKernel::KernelUsleep,libKernel.cpp
QvsZxomvUHs,LibKernel::KernelNanosleep,libKernel.cpp
LwG8g3niqwA,LibKernel::KernelDlsym,libKernel.cpp
-ZR+hG7aDHw,LibKernel::KernelSleep,libKernel.cpp
6c3rCVE-fTU,LibKernel::open,libKernel.cpp
6xVpy0Fdq+I,LibKernel::sigprocmask,libKernel.cpp
6Z83sYWFlA8,LibKernel::exit,libKernel.cpp
8OnWXlgQlvo,LibKernel::KernelRtldThreadAtexitDecrement,libKernel.cpp
959qrazPIrg,LibKernel::KernelGetProcParam,libKernel.cpp
tU5e3f9gSiU,LibKernel::KernelIsTrinityMode,libKernel.cpp
NH6xARDOVv8,LibKernel::KernelGetOperationMode,libKernel.cpp
fTx66l5iWIA,LibKernel::KernelFsync,libKernel.cpp
uvT2iYBBnkY,LibKernel::KernelSync,libKernel.cpp
HoLVWNanBBc,LibKernel::getpid,libKernel.cpp
9BcDykPmo1I,LibKernel::get_error_addr,libKernel.cpp
k+AXqu2-eBc,Posix::getpagesize,libKernel.cpp
bnZxYgAFeA0,LibKernel::KernelGetSanitizerNewReplaceExternal,libKernel.cpp
ca7v6Cxulzs,LibKernel::KernelSetGPO,libKernel.cpp
4oXYe9Xmk0Q,LibKernel::KernelGetGPI,libKernel.cpp
DRuBt2pvICk,LibKernel::read,libKernel.cpp
AqBioC2vF3I,LibKernel::read,libKernel.cpp
f7KBOafysXo,LibKernel::KernelGetModuleInfoFromAddr,libKernel.cpp
RpQJJVKTiFM,LibKernel::KernelGetModuleInfoForUnwind,libKernel.cpp
crb5j7mkk1c,LibKernel::KernelIsSignalReturn,libKernel.cpp
Fjc4-n1+y2g,LibKernel::elf_phdr_match_addr,libKernel.cpp
FxVZqBAA7ks,LibKernel::write,libKernel.cpp
FJmglmTMdr4,LibKernel::getargv,libKernel.cpp
kbw4UHHSYy0,LibKernel::pthread_cxa_finalize,libKernel.cpp
lLMT9vJAck0,LibKernel::clock_gettime,libKernel.cpp
5TgME6AYty4,KernelAioDeleteRequest,libKernel.cpp
HgX7+AORI58,KernelAioSubmitReadCommands,libKernel.cpp
2pOuoWoCxdk,KernelAioPollRequest,libKernel.cpp
KOF-oJbQVvc,KernelAioWaitRequest,libKernel.cpp
XQ8C8y+de+E,KernelAioSubmitWriteCommands,libKernel.cpp
nu4a0-arQis,KernelAioInitializeParam,libKernel.cpp
il03nluKfMk,LibKernel::KernelRaiseException,libKernel.cpp
iKJMWrAumPE,LibKernel::getargc,libKernel.cpp
NNtFaKJbPt0,LibKernel::close,libKernel.cpp
OMDRKKAZ8I4,LibKernel::KernelDebugRaiseException,libKernel.cpp
Ou3iL1abvng,LibKernel::stack_chk_fail,libKernel.cpp
p5EcQeEeJAE,LibKernel::KernelRtldSetApplicationHeapAPI,libKernel.cpp
pB-yGZ2nQ9o,LibKernel::KernelSetThreadAtexitCount,libKernel.cpp
py6L8jiVAN8,LibKernel::KernelGetSanitizerMallocReplaceExternal,libKernel.cpp
Qhv5ARAoOEc,LibKernel::KernelRemoveExceptionHandler,libKernel.cpp
QKd0qM58Qes,LibKernel::KernelStopUnloadModule,libKernel.cpp
rNhWz+lvOMU,LibKernel::KernelSetThreadDtors,libKernel.cpp
Tz4RNUCBbGI,LibKernel::KernelRtldThreadAtexitIncrement,libKernel.cpp
vNe1w4diLCs,LibKernel::tls_get_addr,libKernel.cpp
vYU8P9Td2Zo,KernelAioInitializeImpl,libKernel.cpp
WhCc1w3EhSI,LibKernel::KernelSetThreadAtexitReport,libKernel.cpp
WkwEd3N7w0Y,LibKernel::KernelInstallExceptionHandler,libKernel.cpp
g0VTBxfJyu0,LibKernel::KernelGetCurrentCpu,libKernel.cpp
wzvqT4UqKX8,LibKernel::KernelLoadStartModule,libKernel.cpp
Xjoosiw+XPI,LibKernel::KernelUuidCreate,libKernel.cpp
DLORcroUqbc,LibKernel::KernelGetOpenPsId,libKernel.cpp
zE-wXIZjLoM,LibKernel::KernelDebugRaiseExceptionOnReleaseMode,libKernel.cpp
Hc4CaR6JBL0,Posix::KernelSyncOnAddressWait,libKernel.cpp
B2n8aDorSH4,Posix::KernelSyncOnAddressWait32,libKernel.cpp
PZQhiiLXRFs,Posix::KernelSyncOnAddressWait64,libKernel.cpp
q2y-wDIVWZA,Posix::KernelSyncOnAddressWake,libKernel.cpp
Nlev7Lg8k3A,LibNet::NetInit,libNet.cpp
HQOwnfMGipQ,LibNet::GetNetErrorAddr,libNet.cpp
PIWqhn9oSxc,LibNet::NetAccept,libNet.cpp
bErx49PgxyY,LibNet::NetBind,libNet.cpp
dgJBaeJnGpo,LibNet::NetPoolCreate,libNet.cpp
K7RlrTkI-mw,LibNet::NetPoolDestroy,libNet.cpp
C4UgDHHPvdw,LibNet::NetResolverCreate,libNet.cpp
kJlYH5uMAWI,LibNet::NetResolverDestroy,libNet.cpp
Nd91WaWmG2w,LibNet::NetResolverStartNtoa,libNet.cpp
8Kcp5d-q1Uo,LibNet::NetInetPton,libNet.cpp
9vA2aW+CHuA,LibNet::NetInetNtop,libNet.cpp
v6M4txecCuo,LibNet::NetEtherNtostr,libNet.cpp
6Oc0bLsIYe0,LibNet::NetGetMacAddress,libNet.cpp
hLuXdjHnhiI,LibNet::NetGetSockInfo,libNet.cpp
hoOAofhhRvE,LibNet::NetGetsockname,libNet.cpp
SF47kB2MNTo,LibNet::NetEpollCreate,libNet.cpp
ZVw46bsasAk,LibNet::NetEpollControl,libNet.cpp
drjIbDbA7UQ,LibNet::NetEpollWait,libNet.cpp
Inp1lfL+Jdw,LibNet::NetEpollDestroy,libNet.cpp
kOj1HiAGE54,LibNet::NetListen,libNet.cpp
TSM6whtekok,LibNet::NetShutdown,libNet.cpp
Q4qBuN-c0ZM,LibNet::NetSocket,libNet.cpp
45ggEzakPJQ,LibNet::NetSocketClose,libNet.cpp
2mKX2Spso7I,LibNet::NetSetsockopt,libNet.cpp
9T2pDF2Ryqg,LibNet::NetHtonl,libNet.cpp
iWQWrwiSt8A,LibNet::NetHtons,libNet.cpp
pQGpHYopAIY,LibNet::NetNtohl,libNet.cpp
Rbvt+5Y2iEw,LibNet::NetNtohs,libNet.cpp
hdpVEUDFW3s,Ssl::SslInit,libNet.cpp
0K1yQ6Lv-Yc,Ssl::SslTerm,libNet.cpp
TDfQqO-gMbY,Ssl::SslGetCaCerts,libNet.cpp
qIvLs0gYxi0,Ssl::SslFreeCaCerts,libNet.cpp
A9cVMUtEp4Y,Http::HttpInit,libNet.cpp
Ik-KpLTlf7Q,Http::HttpTerm,libNet.cpp
0gYjPTR-6cY,Http::HttpCreateTemplate,libNet.cpp
4I8vEpuEhZ8,Http::HttpDeleteTemplate,libNet.cpp
s2-NPIvz+iA,Http::HttpSetNonblock,libNet.cpp
htyBOoWeS58,Http::HttpsSetSslCallback,libNet.cpp
jUjp+yqMNdQ,Http::HttpsSetMinSslVersion,libNet.cpp
mSQCxzWTwVI,Http::HttpsDisableOption,libNet.cpp
6381dWF+xsQ,Http::HttpCreateEpoll,libNet.cpp
wYhXVfS2Et4,Http::HttpDestroyEpoll,libNet.cpp
-xm7kZQNpHI,Http::HttpSetEpoll,libNet.cpp
59tL1AQBb8U,Http::HttpUnsetEpoll,libNet.cpp
Kiwv9r4IZCc,Http::HttpCreateConnection,libNet.cpp
qgxDBjorUxs,Http::HttpCreateConnectionWithURL,libNet.cpp
P6A3ytpsiYc,Http::HttpDeleteConnection,libNet.cpp
tsGVru3hCe8,Http::HttpCreateRequest,libNet.cpp
Aeu5wVKkF9w,Http::HttpCreateRequest,libNet.cpp
rGNm+FjIXKk,Http::HttpCreateRequest2,libNet.cpp
Cnp77podkCU,Http::HttpCreateRequestWithURL2,libNet.cpp
qe7oZ+v4PWA,Http::HttpDeleteRequest,libNet.cpp
PTiFIUxCpJc,Http::HttpSetRequestContentLength,libNet.cpp
EY28T2bkN7k,Http::HttpAddRequestHeader,libNet.cpp
1e2BNwI-XzE,Http::HttpSendRequest,libNet.cpp
hvG6GfBMXg8,Http::HttpAbortRequest,libNet.cpp
qISjDHrxONc,Http::HttpWaitRequest,libNet.cpp
0a2TBNfE3BU,Http::HttpGetStatusCode,libNet.cpp
aCYPMSUIaP8,Http::HttpGetAllResponseHeaders,libNet.cpp
yuO2H2Uvnos,Http::HttpGetResponseContentLength,libNet.cpp
Tc-hAYDKtQc,Http::HttpSetResolveTimeOut,libNet.cpp
K1d1LqZRQHQ,Http::HttpSetResolveRetry,libNet.cpp
0S9tTH0uqTU,Http::HttpSetConnectTimeOut,libNet.cpp
xegFfZKBVlw,Http::HttpSetSendTimeOut,libNet.cpp
yigr4V0-HTM,Http::HttpSetRecvTimeOut,libNet.cpp
T-mGo9f3Pu4,Http::HttpSetAutoRedirect,libNet.cpp
qFg2SuyTJJY,Http::HttpSetAuthEnabled,libNet.cpp
IWalAn-guFs,LibHttp::HttpUriParse,libNet.cpp
YuOW3dDAKYc,LibHttp::HttpUriEscape,libNet.cpp
5LZA+KPISVA,LibHttp::HttpUriBuild,libNet.cpp
3JCe3lCbQ8A,LibHttp2::Http2Init,libNet.cpp
YiBUtz-pGkc,LibHttp2::Http2Term,libNet.cpp
+wCt7fCijgk,LibHttp2::Http2CreateTemplate,libNet.cpp
pDom5-078DA,LibHttp2::Http2DeleteTemplate,libNet.cpp
mmyOCxQMVYQ,LibHttp2::Http2CreateRequestWithURL,libNet.cpp
nrPfOE8TQu0,LibHttp2::Http2AddRequestHeader,libNet.cpp
FSAFOzi0FpM,LibHttp2::Http2SetRequestContentLength,libNet.cpp
jjFahkBPCYs,LibHttp2::Http2SetAuthEnabled,libNet.cpp
b9AvoIaOuHI,LibHttp2::Http2SetAutoRedirect,libNet.cpp
uRosf8GQbHQ,LibHttp2::Http2SetInflateGZIPEnabled,libNet.cpp
B37SruheQ5Y,LibHttp2::Http2SslDisableOption,libNet.cpp
EWcwMpbr5F8,LibHttp2::Http2SslEnableOption,libNet.cpp
BJgi0CH7al4,LibHttp2::Http2SetRedirectCallback,libNet.cpp
izvHhqgDt44,LibHttp2::Http2SetRecvTimeOut,libNet.cpp
XPtW45xiLHk,LibHttp2::Http2SetSendTimeOut,libNet.cpp
-HIO4VT87v8,LibHttp2::Http2SetConnectTimeOut,libNet.cpp
n8hMLe31OPA,LibHttp2::Http2SetConnectionWaitTimeOut,libNet.cpp
ACjtE27aErY,LibHttp2::Http2SetResolveTimeOut,libNet.cpp
VYMxTcBqSE0,LibHttp2::Http2SetTimeOut,libNet.cpp
YrWX+DhPHQY,LibHttp2::Http2SetSslCallback,libNet.cpp
rbqZig38AT8,LibHttp2::Http2SendRequest,libNet.cpp
A+NVAFu4eCg,LibHttp2::Http2SendRequestAsync,libNet.cpp
o0DBQpFE13o,LibHttp2::Http2GetResponseContentLength,libNet.cpp
9XYJwCf3lEA,LibHttp2::Http2GetStatusCode,libNet.cpp
-rdXUi2XW90,LibHttp2::Http2GetAllResponseHeaders,libNet.cpp
QygCNNmbGss,LibHttp2::Http2ReadData,libNet.cpp
bGN-6zbo7ms,LibHttp2::Http2ReadDataAsync,libNet.cpp
c8D9qIjo8EY,LibHttp2::Http2DeleteRequest,libNet.cpp
MOp-AUhdfi8,LibHttp2::Http2WaitAsync,libNet.cpp
gky0+oaNM4k,NetCtl::NetCtlInit,libNet.cpp
JO4yuTuMoKI,NetCtl::NetCtlGetNatInfo,libNet.cpp
iQw3iQPhvUQ,NetCtl::NetCtlCheckCallback,libNet.cpp
uBPlr0lbuiI,NetCtl::NetCtlGetState,libNet.cpp
+lxqIKeU9UY,NetCtl::NetCtlGetStateV6,libNet.cpp
UJ+Z7Q+4ck0,NetCtl::NetCtlRegisterCallback,libNet.cpp
Rqm2OnZMCz0,NetCtl::NetCtlUnregisterCallback,libNet.cpp
0cBgduPRR+M,NetCtl::NetCtlGetResult,libNet.cpp
obuxdTiwkF8,NetCtl::NetCtlGetInfo,libNet.cpp
Z4wwCFiBELQ,NetCtl::NetCtlTerm,libNet.cpp
0aR2aWmQal4,NpCommerceDialogInitialize,libNet.cpp
m-I92Ab50W8,NpCommerceDialogTerminate,libNet.cpp
LR5cwFMMCVE,NpCommerceDialogUpdateStatus,libNet.cpp
3Zl8BePTh9Y,NpManager::NpCheckCallback,libNet.cpp
Ec63y59l9tw,NpManager::NpSetNpTitleId,libNet.cpp
A2CQ3kgSopQ,NpManager::NpSetContentRestriction,libNet.cpp
VfRSmPmj8Q8,NpManager::NpRegisterStateCallback,libNet.cpp
qQJfO8HAiaY,NpManager::NpRegisterStateCallbackA,libNet.cpp
M3wFXbYQtAA,NpManager::NpUnregisterStateCallback,libNet.cpp
uFJpaKNBAj4,NpManager::NpRegisterGamePresenceCallback,libNet.cpp
GImICnh+boA,NpManager::NpRegisterPlusEventCallback,libNet.cpp
+yqjab2fUJA,NpManager::NpRegisterPremiumEventCallback,libNet.cpp
hw5KNqAAels,NpManager::NpRegisterNpReachabilityStateCallback,libNet.cpp
p-o74CnoNzY,NpManager::NpGetNpId,libNet.cpp
XDncXQIJUSk,NpManager::NpGetOnlineId,libNet.cpp
rbknaUjpqWo,NpManager::NpGetAccountIdA,libNet.cpp
JT+t00a3TxA,NpManager::NpGetAccountCountryA,libNet.cpp
+4DegjBqV1g,NpManager::NpGetAccountAge,libNet.cpp
GpLQDNKICac,NpManager::NpCreateRequest,libNet.cpp
eiqMCt9UshI,NpManager::NpCreateAsyncRequest,libNet.cpp
S7QTn72PrDw,NpManager::NpDeleteRequest,libNet.cpp
OzKvTvg3ZYU,NpManager::NpAbortRequest,libNet.cpp
2rsFmlGWleQ,NpManager::NpCheckNpAvailability,libNet.cpp
KfGZg2y73oM,NpManager::NpCheckNpReachability,libNet.cpp
uqcPJLWL08M,NpManager::NpPollAsync,libNet.cpp
O80NrhUOPGY,NpManager::NpCheckPremium,libNet.cpp
eQH7nWPcAgc,NpManager::NpGetState,libNet.cpp
e-ZuhGEoeC4,NpManager::NpGetNpReachabilityState,libNet.cpp
Oad3rvY-NJQ,NpManager::NpHasSignedUp,libNet.cpp
ysmw6J-P8Ak,NpSessionSignalingInitialize,libNet.cpp
jO8DM8oyego,LibNpEntitlementAccess::NpEntitlementAccessInitialize,libNet.cpp
lPDO62PpJIA,LibNpEntitlementAccess::NpEntitlementAccessGetSkuFlag,libNet.cpp
TFyU+KFBv54,LibNpEntitlementAccess::NpEntitlementAccessGetAddcontEntitlementInfoList,libNet.cpp
xddD23+8TfQ,LibNpEntitlementAccess::NpEntitlementAccessGetAddcontEntitlementInfo,libNet.cpp
6bwFkosYRQg,LibNpAuth::NpAuthCreateRequest,libNet.cpp
N+mr7GjTvr8,LibNpAuth::NpAuthCreateAsyncRequest,libNet.cpp
H8wG9Bk-nPc,LibNpAuth::NpAuthDeleteRequest,libNet.cpp
cE7wIsqXdZ8,LibNpAuth::NpAuthAbortRequest,libNet.cpp
SK-S7daqJSE,LibNpAuth::NpAuthWaitAsync,libNet.cpp
gjSyfzSsDcE,LibNpAuth::NpAuthPollAsync,libNet.cpp
KI4dHLlTNl0,LibNpAuth::NpAuthGetAuthorizationCodeV3,libNet.cpp
RdsFVsgSpZY,LibNpAuth::NpAuthGetIdTokenV3,libNet.cpp
Bagshr7OQ6Q,LibNpTrophy2::NpTrophy2CreateContext,libNet.cpp
Gz1rmUZpROM,LibNpTrophy2::NpTrophy2CreateHandle,libNet.cpp
bIDov3wBu5Q,LibNpTrophy2::NpTrophy2RegisterContext,libNet.cpp
4IzqhhUQ3nk,LibNpTrophy2::NpTrophy2GetGameInfo,libNet.cpp
DoZWauG8mu0,LibNpTrophy2::NpTrophy2GetGroupInfo,libNet.cpp
+PDSI6WgPRc,LibNpTrophy2::NpTrophy2GetGroupInfoArray,libNet.cpp
EwNylPdWUTM,LibNpTrophy2::NpTrophy2GetTrophyInfo,libNet.cpp
y3zHpdZO6ME,LibNpTrophy2::NpTrophy2GetTrophyInfoArray,libNet.cpp
2QgUy+xJqS0,LibNpTrophy2::NpTrophy2GetGameIcon,libNet.cpp
6IjXJUy6ZnA,LibNpTrophy2::NpTrophy2GetGroupIcon,libNet.cpp
-9LLVU0uvs8,LibNpTrophy2::NpTrophy2GetTrophyIcon,libNet.cpp
sUXGfNMalIo,LibNpTrophy2::NpTrophy2RegisterUnlockCallback,libNet.cpp
fYapWA9xVmA,LibNpTrophy2::NpTrophy2AbortHandle,libNet.cpp
d8P11CI40KE,LibNpTrophy2::NpTrophy2DestroyHandle,libNet.cpp
sysY2FHYff4,LibNpTrophy2::NpTrophy2DestroyContext,libNet.cpp
sjaobBgqeB4,LibNpUniversalDataSystem::NpUniversalDataSystemInitialize,libNet.cpp
5zBnau1uIEo,LibNpUniversalDataSystem::NpUniversalDataSystemCreateContext,libNet.cpp
hT0IAEvN+M0,LibNpUniversalDataSystem::NpUniversalDataSystemCreateHandle,libNet.cpp
p+GcLqwpL9M,LibNpUniversalDataSystem::NpUniversalDataSystemCreateEvent,libNet.cpp
CzkKf7ahIyU,LibNpUniversalDataSystem::NpUniversalDataSystemPostEvent,libNet.cpp
AUIHb7jUX3I,LibNpUniversalDataSystem::NpUniversalDataSystemDestroyHandle,libNet.cpp
jZCqWFgMehE,LibNpUniversalDataSystem::NpUniversalDataSystemAbortHandle,libNet.cpp
wB7IWzGp2v0,LibNpUniversalDataSystem::NpUniversalDataSystemDestroyContext,libNet.cpp
su7jW3VDDb4,LibNpUniversalDataSystem::NpUniversalDataSystemGetMemoryStat,libNet.cpp
+s14jq-KGYw,LibNpUniversalDataSystem::NpUniversalDataSystemEventEstimateSize,libNet.cpp
vj6CQGWtEBg,LibNpUniversalDataSystem::NpUniversalDataSystemEventToString,libNet.cpp
wG+84pnNIuo,LibNpUniversalDataSystem::NpUniversalDataSystemDestroyEvent,libNet.cpp
tpFJ8LIKvPw,LibNpUniversalDataSystem::NpUniversalDataSystemRegisterContext,libNet.cpp
s6W4Zl4Slgk,LibNpUniversalDataSystem::NpUniversalDataSystemCreateEventPropertyObject,libNet.cpp
kKUH0Viib3c,LibNpUniversalDataSystem::NpUniversalDataSystemDestroyEventPropertyObject,libNet.cpp
MfDb+4Nln64,LibNpUniversalDataSystem::NpUniversalDataSystemEventPropertyObjectSetString,libNet.cpp
YE4dbtbz6OE,LibNpUniversalDataSystem::NpUniversalDataSystemEventPropertyObjectSetInt32,libNet.cpp
AzD4irAcKE4,LibNpUniversalDataSystem::NpUniversalDataSystemEventPropertyObjectSetUInt32,libNet.cpp
56QLTqx911s,LibNpUniversalDataSystem::NpUniversalDataSystemEventPropertyObjectSetInt64,libNet.cpp
xvsP5Yz6FmY,LibNpUniversalDataSystem::NpUniversalDataSystemEventPropertyObjectSetUInt64,libNet.cpp
lbPlT4+QVcE,LibNpUniversalDataSystem::NpUniversalDataSystemEventPropertyObjectSetFloat32,libNet.cpp
4Fu8tHW+u-k,LibNpUniversalDataSystem::NpUniversalDataSystemEventPropertyObjectSetFloat64,libNet.cpp
Fidd8vWgyVE,LibNpUniversalDataSystem::NpUniversalDataSystemEventPropertyObjectSetBool,libNet.cpp
wAcxBDLHj1M,LibNpUniversalDataSystem::NpUniversalDataSystemEventPropertyObjectSetBinary,libNet.cpp
74ASEqxSnkM,LibNpUniversalDataSystem::NpUniversalDataSystemEventPropertyObjectSetObject,libNet.cpp
Wxbg5x3pTXA,LibNpUniversalDataSystem::NpUniversalDataSystemEventPropertyObjectSetArray,libNet.cpp
Hm7qubT3b70,LibNpUniversalDataSystem::NpUniversalDataSystemCreateEventPropertyArray,libNet.cpp
W-0xwY0ZMjw,LibNpUniversalDataSystem::NpUniversalDataSystemDestroyEventPropertyArray,libNet.cpp
4llLk7YJRTE,LibNpUniversalDataSystem::NpUniversalDataSystemEventPropertyArraySetString,libNet.cpp
BypQuF113-k,LibNpUniversalDataSystem::NpUniversalDataSystemEventPropertyArraySetInt32,libNet.cpp
yMi0xAOpmXM,LibNpUniversalDataSystem::NpUniversalDataSystemEventPropertyArraySetUInt32,libNet.cpp
viVXAwmmYrY,LibNpUniversalDataSystem::NpUniversalDataSystemEventPropertyArraySetInt64,libNet.cpp
Qo9qR7v5zO4,LibNpUniversalDataSystem::NpUniversalDataSystemEventPropertyArraySetUInt64,libNet.cpp
JmgwKm96Lq4,LibNpUniversalDataSystem::NpUniversalDataSystemEventPropertyArraySetFloat32,libNet.cpp
sbSYZLR5AiE,LibNpUniversalDataSystem::NpUniversalDataSystemEventPropertyArraySetFloat64,libNet.cpp
0+l4QSWCM4E,LibNpUniversalDataSystem::NpUniversalDataSystemEventPropertyArraySetBool,libNet.cpp
IEdUCV9j2Cw,LibNpUniversalDataSystem::NpUniversalDataSystemEventPropertyArraySetBinary,libNet.cpp
XY14n3jNIpE,LibNpUniversalDataSystem::NpUniversalDataSystemEventPropertyArraySetObject,libNet.cpp
rdi9BAfDLq8,LibNpUniversalDataSystem::NpUniversalDataSystemEventPropertyArraySetArray,libNet.cpp
KmN62tT4U8A,LibNpUniversalDataSystem::NpUniversalDataSystemGetStorageStat,libNet.cpp
47UAEuQl+iI,LibNpUniversalDataSystem::NpUniversalDataSystemTerminate,libNet.cpp
m87BHxt-H60,LibNpGameIntent::NpGameIntentInitialize,libNet.cpp
0HBYxYAjmf0,LibNpGameIntent::NpGameIntentTerminate,libNet.cpp
jEIXUAr9XE8,LibNpGameIntent::NpGameIntentReceiveIntent,libNet.cpp
rPl0INNc-M8,LibNpGameIntent::NpGameIntentGetPropertyValueString,libNet.cpp
+o9816YQhqQ,LibNpWebApi2::NpWebApi2Initialize,libNet.cpp
WV1GwM32NgY,LibNpWebApi2::NpWebApi2PushEventCreateHandle,libNet.cpp
sk54bi6FtYM,LibNpWebApi2::NpWebApi2CreateUserContext,libNet.cpp
9X9+cneTGUU,LibNpWebApi2::NpWebApi2DeleteUserContext,libNet.cpp
3EI-OSJ65Xc,LibNpWebApi2::NpWebApi2CreateRequest,libNet.cpp
lQOCF84lvzw,LibNpWebApi2::NpWebApi2SendRequest,libNet.cpp
OOY9+ObfKec,LibNpWebApi2::NpWebApi2ReadData,libNet.cpp
zpiPsH7dbFQ,LibNpWebApi2::NpWebApi2AbortRequest,libNet.cpp
vvzWO-DvG1s,LibNpWebApi2::NpWebApi2DeleteRequest,libNet.cpp
egOOvrnF6mI,LibNpWebApi2::NpWebApi2AddHttpRequestHeader,libNet.cpp
HwP3aM+c85c,LibNpWebApi2::NpWebApi2GetHttpResponseHeaderValueLength,libNet.cpp
hksbskNToEA,LibNpWebApi2::NpWebApi2GetHttpResponseHeaderValue,libNet.cpp
fIATVMo4Y1w,LibNpWebApi2::NpWebApi2PushEventDeleteHandle,libNet.cpp
QafxeZM3WK4,LibNpWebApi2::NpWebApi2PushEventDeletePushContext,libNet.cpp
MsaFhR+lPE4,LibNpWebApi2::NpWebApi2PushEventCreateFilter,libNet.cpp
fY3QqeNkF8k,LibNpWebApi2::NpWebApi2PushEventRegisterCallback,libNet.cpp
3Tt9zL3tkoc,LibNpWebApi2::NpWebApi2CheckTimeout,libNet.cpp
bEvXpcEk200,LibNpWebApi2::NpWebApi2Terminate,libNet.cpp
YJtKLttI9fM,LibGameUpdate::GameUpdateInitialize,libNet.cpp
NSH-C-OmoNI,LibGameUpdate::GameUpdateTerminate,libNet.cpp
UvcvKaFvupA,LibGameUpdate::GameUpdateCreateRequest,libNet.cpp
LYVV9z8+owM,LibGameUpdate::GameUpdateCheck,libNet.cpp
d1CNGEOaK28,LibGameUpdate::GameUpdateAbortRequest,libNet.cpp
bcCyjHN5sn0,LibGameUpdate::GameUpdateDeleteRequest,libNet.cpp
0g0+Oq9xcI0,LibGameUpdate::GameUpdateGetAddcontLatestVersion,libNet.cpp
nBDD66kiFW8,LibShare::ShareInitialize,libNet.cpp
YBiIdcDPrxs,LibShare::ShareFeaturePermit,libNet.cpp
0IL1keINExQ,LibShare::ShareTerminate,libNet.cpp
PI7jIZj4pcE,LibRandom::RandomGetRandomNumber,libNet.cpp
k1SwgkMSOM8,LibRemoteplay::RemoteplayInitialize,libNet.cpp
BOwybKVa3Do,LibRemoteplay::RemoteplayTerminate,libNet.cpp
g3PNjYKWqnQ,LibRemoteplay::RemoteplayGetConnectionStatus,libNet.cpp
jqb7HntFQFc,LibWebBrowserDialog::WebBrowserDialogInitialize,libNet.cpp
ocHtyBwHfys,LibWebBrowserDialog::WebBrowserDialogTerminate,libNet.cpp
kvYEw2lBndk,LibGameLiveStreaming::GameLiveStreamingInitialize,libNet.cpp
9yK6Fk8mKOQ,LibGameLiveStreaming::GameLiveStreamingTerminate,libNet.cpp
lK8dLBNp9OE,LibGameLiveStreaming::GameLiveStreamingGetCurrentStatus2,libNet.cpp
yeQKjHETi40,LibGameLiveStreaming::GameLiveStreamingGetSocialFeedbackMessagesCount,libNet.cpp
isruqthpYcw,LibSharePlay::SharePlayInitialize,libNet.cpp
UaLjloJinow,LibSharePlay::SharePlayTerminate,libNet.cpp
hv1luiJrqQM,Controller::PadInit,libPad.cpp
xk0AcarP3V4,Controller::PadOpen,libPad.cpp
WFIiSfXGUq8,PadOpenExtStub,libPad.cpp
u1GRHp+oWoY,Controller::PadGetHandle,libPad.cpp
AcslpN1jHR8,PadDeviceClassGetExtendedInformation,libPad.cpp
IHPqcbc0zCA,PadDeviceClassParseData,libPad.cpp
clVvL4ZDntw,Controller::PadSetMotionSensorState,libPad.cpp
r44mAxdSG+U,Controller::PadSetAngularVelocityDeadbandState,libPad.cpp
rIZnR6eSpvk,Controller::PadResetOrientation,libPad.cpp
vDLMoJLde8I,PadSetTiltCorrectionState,libPad.cpp
gjP9-KQzoUk,Controller::PadGetControllerInformation,libPad.cpp
fCWdlnmB1Ks,Controller::PadIsRemoteController,libPad.cpp
hGbf2QTBmqc,PadGetExtControllerInformationStub,libPad.cpp
2JgFB2n9oUM,Controller::PadSetTriggerEffect,libPad.cpp
YndgXqQVV7c,Controller::PadReadState,libPad.cpp
q1cHNfGycLI,Controller::PadRead,libPad.cpp
yFVnOdGxvZY,Controller::PadSetVibration,libPad.cpp
W2G-yoyMF5U,PadSetVibrationMode,libPad.cpp
Yq0zOH7YNOM,PadSetVibrationTriggerEffectWeakWhileEmbeddedMicInUse,libPad.cpp
znaWI0gpuo8,PadGetTriggerEffectState,libPad.cpp
DscD1i9HX1w,Controller::PadResetLightBar,libPad.cpp
RR4novUEENY,Controller::PadSetLightBar,libPad.cpp
6ncge5+l5Qs,PadClose,libPad.cpp
n3kSX62fgNo,PadUnknownN3kSX62fgNo,libPad.cpp
cAnT0Rw-IwU,Mouse::MouseClose,libPad.cpp
Qs0wWulgl7U,Mouse::MouseInit,libPad.cpp
RaqxZIf6DvE,Mouse::MouseOpen,libPad.cpp
x8qnXqh-tiM,Mouse::MouseRead,libPad.cpp
wadT3QBCGY0,Keyboard::KeyboardInit,libPad.cpp
HJ+KnEHcaxI,Keyboard::KeyboardOpen,libPad.cpp
0LWei+c7RNc,Keyboard::KeyboardClose,libPad.cpp
6HpE68bzX6M,Keyboard::KeyboardReadState,libPad.cpp
xybbGMCr738,Keyboard::KeyboardRead,libPad.cpp
yO9JwdRhtSA,Keyboard::KeyboardGetKey2Char,libPad.cpp
ts6GlZOKRrE,PlayGo::PlayGoInitialize,libPlayGo.cpp
MPe0EeBGM-E,PlayGo::PlayGoTerminate,libPlayGo.cpp
M1Gma1ocrGE,PlayGo::PlayGoOpen,libPlayGo.cpp
Uco1I0dlDi8,PlayGo::PlayGoClose,libPlayGo.cpp
uWIYLFkkwqk,PlayGo::PlayGoGetLocus,libPlayGo.cpp
rvBSfTimejE,PlayGo::PlayGoGetInstallSpeed,libPlayGo.cpp
4AAcTU9R3XM,PlayGo::PlayGoSetInstallSpeed,libPlayGo.cpp
73fF1MFU8hA,PlayGo::PlayGoGetChunkId,libPlayGo.cpp
Nn7zKwnA5q0,PlayGo::PlayGoGetToDoList,libPlayGo.cpp
gUPGiOQ1tmQ,PlayGo::PlayGoSetToDoList,libPlayGo.cpp
-Q1-u1a7p0g,PlayGo::PlayGoPrefetch,libPlayGo.cpp
v6EZ-YWRdMs,PlayGo::PlayGoGetEta,libPlayGo.cpp
3OMbYZBaa50,PlayGo::PlayGoGetLanguageMask,libPlayGo.cpp
-RJWNMK3fC8,PlayGo::PlayGoGetProgress,libPlayGo.cpp
g4AZyxpSAlA,PlayGo::PlayGoGetOptionalChunk,libPlayGo.cpp
HVAa744ecdw,PlayGo::PlayGoPrefetchOptionalChunk,libPlayGo.cpp
8-e7E989rCU,PlayGo::PlayGoGetInstallChunkId,libPlayGo.cpp
IfiN+-oeVWI,PlayGo::PlayGoGetSupportedOptionalChunk,libPlayGo.cpp
-6srIGbLTIU,PngDec::PngDecQueryMemorySize,libPngDec.cpp
m0uW+8pFyaw,PngDec::PngDecCreate,libPngDec.cpp
WC216DD3El4,PngDec::PngDecDecode,libPngDec.cpp
QbD+eENEwo8,PngDec::PngDecDelete,libPngDec.cpp
U6h4e5JRPaQ,PngDec::PngDecParseHeader,libPngDec.cpp
3WVD91e12ZQ,Psml::PsmlInitialize,libPsml.cpp
+2KpvixvL6E,Psml::PsmlGetMainMemoryRequirements,libPsml.cpp
eWoKNeB6V-k,Psml::PsmlSharedResourcesInitialize,libPsml.cpp
jEevBXmagOQ,Psml::PsmlSharedResourcesFinalize,libPsml.cpp
EO9YQXmJEN8,Psml::PsmlGetContextMemoryRequirements,libPsml.cpp
IMlj247LdTo,Psml::PsmlGetContextMemoryRequirements,libPsml.cpp
sjTyYheKTrU,Psml::PsmlGetContextMemoryRequirements,libPsml.cpp
ArakEpzsZo0,Psml::PsmlGetContextMemoryRequirements,libPsml.cpp
VGjrQa-WqdU,Psml::PsmlGetContextMemoryRequirements,libPsml.cpp
2ecEbQaf9VU,Psml::PsmlContextInitialize,libPsml.cpp
vUk2pWMx3KQ,Psml::PsmlContextInitialize,libPsml.cpp
gxv3i+MTEzU,Psml::PsmlContextInitialize,libPsml.cpp
JaLBe0P3jSU,Psml::PsmlContextFinalize,libPsml.cpp
AHalTX9wFZY,Psml::PsmlGetWorkAreaSize,libPsml.cpp
RUNLFro+qok,Psml::PsmlDispatch,libPsml.cpp
GHna9-DvnUk,Psml::PsmlGetProgress,libPsml.cpp
GJY0MvuTcs8,Psml::PsmlRequestCapture,libPsml.cpp
LXq+6mIxpCw,Psml::PsmlValidateObject,libPsml.cpp
FSGaTQze0UY,Psml::PsmlValidateObject,libPsml.cpp
lPEBYdVX0XQ,Rtc::RtcCheckValid,libRtc.cpp
8Yr143yEnRo,Rtc::RtcConvertLocalTimeToUtc,libRtc.cpp
M1TvFst-jrM,Rtc::RtcConvertUtcToLocalTime,libRtc.cpp
WJ3rqFwymew,Rtc::RtcFormatRFC3339,libRtc.cpp
8lfvnRMqwEM,Rtc::RtcGetCurrentClock,libRtc.cpp
ZPD1YOKI+Kw,Rtc::RtcGetCurrentClockLocalTime,libRtc.cpp
18B2NS1y9UU,Rtc::RtcGetCurrentTick,libRtc.cpp
zO9UL3qIINQ,Rtc::RtcGetCurrentNetworkTick,libRtc.cpp
CyIK-i4XdgQ,Rtc::RtcGetDayOfWeek,libRtc.cpp
Ug8pCwQvh0c,Rtc::RtcIsLeapYear,libRtc.cpp
3O7Ln8AqJ1o,Rtc::RtcGetDaysInMonth,libRtc.cpp
8w-H19ip48I,Rtc::RtcGetTick,libRtc.cpp
jMNwqYr4R-k,Rtc::RtcGetTickResolution,libRtc.cpp
BtqmpTRXHgk,Rtc::RtcGetTime_t,libRtc.cpp
jfRO0uTjtzA,Rtc::RtcGetWin32FileTime,libRtc.cpp
99bMGglFW3I,Rtc::RtcParseRFC3339,libRtc.cpp
n5JiAJXsbcs,Rtc::RtcSetWin32FileTime,libRtc.cpp
ueega6v3GUw,Rtc::RtcSetTick,libRtc.cpp
bDEVVP4bTjQ,Rtc::RtcSetTime_t,libRtc.cpp
NR1J0N7L2xY,Rtc::RtcTickAddDays,libRtc.cpp
MDc5cd8HfCA,Rtc::RtcTickAddHours,libRtc.cpp
XPIiw58C+GM,Rtc::RtcTickAddMicroseconds,libRtc.cpp
mn-tf4QiFzk,Rtc::RtcTickAddMinutes,libRtc.cpp
07O525HgICs,Rtc::RtcTickAddSeconds,libRtc.cpp
AqVMssr52Rc,Rtc::RtcTickAddTicks,libRtc.cpp
gI4t194c2W8,Rtc::RtcTickAddWeeks,libRtc.cpp
amuBfI-AQc4,Rudp::RudpInit,libRudp.cpp
6PBNpsgyaxw,Rudp::RudpEnableInternalIOThread,libRudp.cpp
SUEVes8gvmw,Rudp::RudpSetEventHandler,libRudp.cpp
TywrFKCoLGY,::Libs::SaveData::SaveDataInitialize3,libSaveData.cpp
dyIhnXq-0SM,::Libs::SaveData::SaveDataDirNameSearch,libSaveData.cpp
PHnuI4LhuRk,::Libs::SaveData::SaveDataDirNameSearch,libSaveData.cpp
ZP4e7rlzOUk,::Libs::SaveData::SaveDataMount3,libSaveData.cpp
gjRZNnw0JPE,::Libs::SaveData::SaveDataCreateTransactionResource,libSaveData.cpp
lJUQuaKqoKY,::Libs::SaveData::SaveDataDeleteTransactionResource,libSaveData.cpp
sDCBrmc61XU,::Libs::SaveData::SaveDataPrepare,libSaveData.cpp
ie7qhZ4X0Cc,::Libs::SaveData::SaveDataCommit,libSaveData.cpp
oQySEUfgXRA,::Libs::SaveData::SaveDataSetupSaveDataMemory2,libSaveData.cpp
QwOO7vegnV8,::Libs::SaveData::SaveDataGetSaveDataMemory2,libSaveData.cpp
cduy9v4YmT4,::Libs::SaveData::SaveDataSetSaveDataMemory2,libSaveData.cpp
wiT9jeC7xPw,::Libs::SaveData::SaveDataSyncSaveDataMemory,libSaveData.cpp
j8xKtiFj0SY,::Libs::SaveData::SaveDataGetEventResult,libSaveData.cpp
WAzWTZm1H+I,::Libs::SaveData::SaveDataTransferringMount,libSaveData.cpp
RjMlsR8EXrw,::Libs::SaveData::SaveDataTransferringMount,libSaveData.cpp
z1JA8-iJt3k,::Libs::SaveData::SaveDataBackup,libSaveData.cpp
uW4vfTwMQVo,::Libs::SaveData::SaveDataUmount2,libSaveData.cpp
S1GkePI17zQ,::Libs::SaveData::SaveDataDelete,libSaveData.cpp
85zul--eGXs,::Libs::SaveData::SaveDataSetParam,libSaveData.cpp
XgvSuIdnMlw,::Libs::SaveData::SaveDataGetParam,libSaveData.cpp
65VH0Qaaz6s,::Libs::SaveData::SaveDataGetMountInfo,libSaveData.cpp
c88Yy54Mx0w,::Libs::SaveData::SaveDataSaveIcon,libSaveData.cpp
Z7z6HXWORJY,::Libs::SaveData::SaveDataSaveIconByPath,libSaveData.cpp
cGjO3wM3V28,::Libs::SaveData::SaveDataLoadIcon,libSaveData.cpp
X4MYzukPc3g,::Libs::SaveData::SaveDataDirNameSearch,libSaveData.cpp
yKDy8S5yLA0,::Libs::SaveData::SaveDataTerminate,libSaveData.cpp
TywrFKCoLGY,SaveData::SaveDataInitialize3,libSaveData.cpp
dyIhnXq-0SM,SaveData::SaveDataDirNameSearch,libSaveData.cpp
ZP4e7rlzOUk,SaveData::SaveDataMount3,libSaveData.cpp
gjRZNnw0JPE,SaveData::SaveDataCreateTransactionResource,libSaveData.cpp
lJUQuaKqoKY,SaveData::SaveDataDeleteTransactionResource,libSaveData.cpp
sDCBrmc61XU,SaveData::SaveDataPrepare,libSaveData.cpp
ie7qhZ4X0Cc,SaveData::SaveDataCommit,libSaveData.cpp
oQySEUfgXRA,SaveData::SaveDataSetupSaveDataMemory2,libSaveData.cpp
QwOO7vegnV8,SaveData::SaveDataGetSaveDataMemory2,libSaveData.cpp
cduy9v4YmT4,SaveData::SaveDataSetSaveDataMemory2,libSaveData.cpp
wiT9jeC7xPw,SaveData::SaveDataSyncSaveDataMemory,libSaveData.cpp
j8xKtiFj0SY,SaveData::SaveDataGetEventResult,libSaveData.cpp
WAzWTZm1H+I,SaveData::SaveDataTransferringMount,libSaveData.cpp
RjMlsR8EXrw,SaveData::SaveDataTransferringMount,libSaveData.cpp
z1JA8-iJt3k,SaveData::SaveDataBackup,libSaveData.cpp
uW4vfTwMQVo,SaveData::SaveDataUmount2,libSaveData.cpp
S1GkePI17zQ,SaveData::SaveDataDelete,libSaveData.cpp
85zul--eGXs,SaveData::SaveDataSetParam,libSaveData.cpp
XgvSuIdnMlw,SaveData::SaveDataGetParam,libSaveData.cpp
65VH0Qaaz6s,SaveData::SaveDataGetMountInfo,libSaveData.cpp
c88Yy54Mx0w,SaveData::SaveDataSaveIcon,libSaveData.cpp
Z7z6HXWORJY,SaveData::SaveDataSaveIconByPath,libSaveData.cpp
cGjO3wM3V28,SaveData::SaveDataLoadIcon,libSaveData.cpp
X4MYzukPc3g,SaveData::SaveDataDirNameSearch,libSaveData.cpp
yKDy8S5yLA0,SaveData::SaveDataTerminate,libSaveData.cpp
4jt8pMDudgk,Share::ShareCaptureVideoClip,libShare.cpp
5wjxESwX68I,Share::ShareFeatureProhibit,libShare.cpp
7QZtURYnXG4,Share::ShareSetContentParam,libShare.cpp
8qAJ0Jd58-Q,Share::ShareOpenMenuForContent,libShare.cpp
AcDNpEpoT9U,Share::ShareCaptureVideoClipExtended,libShare.cpp
ErH6tKS7fzE,Share::ShareCaptureScreenshot,libShare.cpp
GQTObcITIXI,Share::ShareCaptureScreenshotExtended,libShare.cpp
KnsfHKmZqFA,Share::ShareUnregisterContentEventCallback,libShare.cpp
ORspsWDXPps,Share::ShareSetContentParamForApplicationTitle,libShare.cpp
QNop2YAtIDE,Share::ShareGetCurrentStatus,libShare.cpp
Sygnk9dr5WQ,Share::ShareRegisterContentEventCallback,libShare.cpp
T64o-315wbg,Share::ShareSetScreenshotOverlayImage,libShare.cpp
YBiIdcDPrxs,Share::ShareFeaturePermit,libShare.cpp
crFxyW3HdK0,Share::ShareGetRunningStatus,libShare.cpp
kCurUZVFqcI,Share::ShareSetCaptureSource,libShare.cpp
4fU5yvOkVG4,Sysmodule::SysmoduleGetModuleInfoForUnwind,libSysmodule.cpp
eR2bZFAAU0Q,Sysmodule::SysmoduleUnloadModule,libSysmodule.cpp
hHrGoGoNf+s,Sysmodule::SysmoduleLoadModuleInternalWithArg,libSysmodule.cpp
g8cM39EUZ6o,Sysmodule::SysmoduleLoadModule,libSysmodule.cpp
fMP5NHUOaMk,Sysmodule::SysmoduleIsLoaded,libSysmodule.cpp
qpo-mEOwje0,SystemGesture::SystemGestureOpen,libSystemService.cpp
j4yXIA2jJ68,SystemGesture::SystemGestureClose,libSystemService.cpp
3pcAvmwKCvM,SystemGesture::SystemGestureInitializePrimitiveTouchRecognizer,libSystemService.cpp
3QYCmMlOlCY,SystemGesture::SystemGestureFinalizePrimitiveTouchRecognizer,libSystemService.cpp
o11J529VaAE,SystemGesture::SystemGestureResetPrimitiveTouchRecognizer,libSystemService.cpp
GgFMb22sbbI,SystemGesture::SystemGestureUpdatePrimitiveTouchRecognizer,libSystemService.cpp
L8YmemOeSNY,SystemGesture::SystemGestureGetPrimitiveTouchEvents,libSystemService.cpp
JhwByySf9FY,SystemGesture::SystemGestureGetPrimitiveTouchEventsCount,libSystemService.cpp
KAeP0+cQPVU,SystemGesture::SystemGestureGetPrimitiveTouchEventByIndex,libSystemService.cpp
yBaQ0h9m1NM,SystemGesture::SystemGestureGetPrimitiveTouchEventByPrimitiveID,libSystemService.cpp
FWF8zkhr854,SystemGesture::SystemGestureCreateTouchRecognizer,libSystemService.cpp
1MMK0W-kMgA,SystemGesture::SystemGestureAppendTouchRecognizer,libSystemService.cpp
ELvBVG-LKT0,SystemGesture::SystemGestureRemoveTouchRecognizer,libSystemService.cpp
oBuH3zFWYIg,SystemGesture::SystemGestureResetTouchRecognizer,libSystemService.cpp
0KrW5eMnrwY,SystemGesture::SystemGestureGetTouchRecognizerInformation,libSystemService.cpp
j4h82CQWENo,SystemGesture::SystemGestureUpdateTouchRecognizer,libSystemService.cpp
wPJGwI2RM2I,SystemGesture::SystemGestureUpdateAllTouchRecognizer,libSystemService.cpp
4WOA1eTx3V8,SystemGesture::SystemGestureUpdateTouchRecognizerRectangle,libSystemService.cpp
fLTseA7XiWY,SystemGesture::SystemGestureGetTouchEvents,libSystemService.cpp
h8uongcBNVs,SystemGesture::SystemGestureGetTouchEventsCount,libSystemService.cpp
TSKvgSz5ChU,SystemGesture::SystemGestureGetTouchEventByIndex,libSystemService.cpp
lpsXm7tzeoc,SystemGesture::SystemGestureGetTouchEventByEventID,libSystemService.cpp
Vo5V8KAwCmk,SystemService::SystemServiceHideSplashScreen,libSystemService.cpp
fZo48un7LK4,SystemService::SystemServiceParamGetInt,libSystemService.cpp
SsC-m-S9JTA,SystemService::SystemServiceParamGetString,libSystemService.cpp
656LMQSrg6U,SystemService::SystemServiceReceiveEvent,libSystemService.cpp
rPo6tV8D9bM,SystemService::SystemServiceGetStatus,libSystemService.cpp
1n37q1Bvc5Y,SystemService::SystemServiceGetDisplaySafeAreaInfo,libSystemService.cpp
mPpPxv5CZt4,SystemService::SystemServiceGetHdrToneMapLuminance,libSystemService.cpp
3RQ5aQfnstU,SystemService::SystemServiceGetNoticeScreenSkipFlag,libSystemService.cpp
8Lo6Zv94aho,SystemService::SystemServiceDisableNoticeScreenSkipFlagAutoSet,libSystemService.cpp
Q3utJvma4Mo,SystemService::SystemServiceSetNoticeScreenSkipFlag,libSystemService.cpp
XbbJC3E+L5M,SystemService::SystemServicePowerTick,libSystemService.cpp
3s8cHiCBKBE,SystemService::SystemServiceReportAbnormalTermination,libSystemService.cpp
08JSg9p6bgQ,TextToSpeech2::TextToSpeech2GetSpeechStatus,libTextToSpeech2.cpp
2jiIxUmcsGo,TextToSpeech2::TextToSpeech2Cancel,libTextToSpeech2.cpp
hZIg1EWGsHM,UltInitialize,libUlt.cpp
d-kSG2fLrvI,UltFinalize,libUlt.cpp
V2u3WLrwh64,UltUlthreadRuntimeOptParamInitialize,libUlt.cpp
grs2pbc2awM,UltUlthreadRuntimeGetWorkAreaSize,libUlt.cpp
jw9FkZBXo-g,UltUlthreadRuntimeCreate,libUlt.cpp
znI3q8S7KQ4,UltUlthreadCreate,libUlt.cpp
gCeAI57LGgI,UltUlthreadJoin,libUlt.cpp
WIWV1Qd7PFU,UltWaitingQueueResourcePoolGetWorkAreaSize,libUlt.cpp
YiHujOG9vXY,UltWaitingQueueResourcePoolCreate,libUlt.cpp
evj9YPkS8s4,UltQueueDataResourcePoolGetWorkAreaSize,libUlt.cpp
TFHm6-N6vks,UltQueueDataResourcePoolCreate,libUlt.cpp
9Y5keOvb6ok,UltQueueCreate,libUlt.cpp
dUwpX3e5NDE,UltQueuePush,libUlt.cpp
uZz3ci7XYqc,UltQueueTryPop,libUlt.cpp
1+8t9aHLiz8,UltMutexOptParamInitialize,libUlt.cpp
mmt8Sa6tL6c,UltMutexCreate,libUlt.cpp
8hEGkR1pfr8,UltMutexLock,libUlt.cpp
h0XebKiMBtk,UltMutexUnlock,libUlt.cpp
h5QlIYj+Ro8,UltSemaphoreCreate,libUlt.cpp
QAH1ofI97vU,UltSemaphoreAcquire,libUlt.cpp
HA1Ldbi3lPY,UltSemaphoreTryAcquire,libUlt.cpp
lbtk5X1mecw,UltSemaphoreRelease,libUlt.cpp
izXyehpoZGo,UltSemaphoreDestroy,libUlt.cpp
j3YMu1MVNNo,UserService::UserServiceInitialize,libUserService.cpp
az-0R6eviZ0,UserService::UserServiceInitialize2,libUserService.cpp
CdWp0oHWGr0,UserService::UserServiceGetInitialUser,libUserService.cpp
yH17Q6NWtVg,UserService::UserServiceGetEvent,libUserService.cpp
fPhymKNvK-A,UserService::UserServiceGetLoginUserIdList,libUserService.cpp
1xxcMiGu2fo,UserService::UserServiceGetUserName,libUserService.cpp
bwFjS+bX9mA,UserService::UserServiceGetUserNumber,libUserService.cpp
qbwy0Ub8b3M,UserService::UserServiceGetUserNumber,libUserService.cpp
-sD02mFDBh4,UserService::UserServiceGetGamePresets,libUserService.cpp
woNpu+45RLk,UserService::UserServiceGetAgeLevel,libUserService.cpp
rnEhHqG-4xo,UserService::UserServiceGetAccessibilityChatTranscription,libUserService.cpp
ZKJtxdgvzwg,UserService::UserServiceGetAccessibilityPressAndHoldDelay,libUserService.cpp
qWYHOFwqCxY,UserService::UserServiceGetAccessibilityVibration,libUserService.cpp
-3Y5GO+-i78,UserService::UserServiceGetAccessibilityTriggerEffect,libUserService.cpp
hD-H81EN9Vg,UserService::UserServiceGetAccessibilityZoomEnabled,libUserService.cpp
O6IW1-Dwm-w,UserService::UserServiceGetAccessibilityZoomFollowFocus,libUserService.cpp
D-CzAxQL0XI,UserService::UserServicePlatformPrivacyWs1Stub,libUserService.cpp
RnDibcGCPKw,QueryComputeMemoryInfo,libVideoDec2.cpp
eD+X2SmxUt4,AllocateComputeQueue,libVideoDec2.cpp
UvtA3FAiF4Y,ReleaseComputeQueue,libVideoDec2.cpp
qqMCwlULR+E,QueryDecoderMemoryInfo,libVideoDec2.cpp
CNNRoRYd8XI,CreateDecoder,libVideoDec2.cpp
jwImxXRGSKA,DeleteDecoder,libVideoDec2.cpp
852F5+q6+iM,Decode,libVideoDec2.cpp
l1hXwscLuCY,Flush,libVideoDec2.cpp
wJXikG6QFN8,Reset,libVideoDec2.cpp
NtXRa3dRzU0,GetPictureInfo,libVideoDec2.cpp
kjrLbcyhEiw,GetPictureInfo,libVideoDec2.cpp
Up36PTk687E,VideoOut::VideoOutOpen,libVideoOut.cpp
uquVH4-Du78,VideoOut::VideoOutClose,libVideoOut.cpp
PjS5uASwcV8,VideoOut::VideoOutSetBufferAttribute2,libVideoOut.cpp
rKBUtgRrtbk,VideoOut::VideoOutRegisterBuffers2,libVideoOut.cpp
HuViW4HnrOw,VideoOut::VideoOutSubmitChangeBufferAttribute2,libVideoOut.cpp
N5KDtkIjjJ4,VideoOut::VideoOutUnregisterBuffers,libVideoOut.cpp
CBiu4mCE1DA,VideoOut::VideoOutSetFlipRate,libVideoOut.cpp
HXzjK9yI30k,VideoOut::VideoOutAddFlipEvent,libVideoOut.cpp
Xru92wHJRmg,VideoOut::VideoOutAddVblankEvent,libVideoOut.cpp
keipklF0pMY,VideoOut::VideoOutAddPreVblankStartEvent,libVideoOut.cpp
-Ozn0F1AFRg,VideoOut::VideoOutDeleteFlipEvent,libVideoOut.cpp
oNOQn3knW6s,VideoOut::VideoOutDeleteVblankEvent,libVideoOut.cpp
elWQ9vERF-Q,VideoOut::VideoOutDeletePreVblankStartEvent,libVideoOut.cpp
U46NwOiJpys,VideoOut::VideoOutSubmitFlip,libVideoOut.cpp
SbU3dwp80lQ,VideoOut::VideoOutGetFlipStatus,libVideoOut.cpp
zgXifHT9ErY,VideoOut::VideoOutIsFlipPending,libVideoOut.cpp
1FZBKy8HeNU,VideoOut::VideoOutGetVblankStatus,libVideoOut.cpp
MTxxrOCeSig,VideoOut::VideoOutSetWindowModeMargins,libVideoOut.cpp
kmSe30JTs+E,VideoOut::VideoOutAddOutputModeEvent,libVideoOut.cpp
U2JJtSqNKZI,VideoOut::VideoOutGetEventId,libVideoOut.cpp
rWUTcKdkUzQ,VideoOut::VideoOutGetEventData,libVideoOut.cpp
Mt4QHHkxkOc,VideoOut::VideoOutGetEventCount,libVideoOut.cpp
j6RaAUlaLv0,VideoOut::VideoOutWaitVblank,libVideoOut.cpp
utPrVdxio-8,VideoOut::VideoOutGetOutputStatus,libVideoOut.cpp
+I4K03i3EL0,VideoOut::VideoOutInitializeOutputOptions,libVideoOut.cpp
Nv8c-Kb+DUM,VideoOut::VideoOutIsOutputSupported,libVideoOut.cpp
w0hLuNarQxY,VideoOut::VideoOutConfigureOutput,libVideoOut.cpp
eb-gvTYQcoY,VideoOut::VideoOutLatencyControlWaitBeforeInput,libVideoOut.cpp
MCJ8SkzsQxY,VideoOut::VideoOutLatencyMeasureSetStartPoint,libVideoOut.cpp
DYhhWbJSeRg,VideoOut::VideoOutColorSettingsSetGamma,libVideoOut.cpp
pv9CI5VC+R0,VideoOut::VideoOutAdjustColor,libVideoOut.cpp
CFTG6a8TjOU,WebBrowserDialog::WebBrowserDialogGetStatus,libWebBrowserDialog.cpp
0GnN4QCgIfs,ContentExport::ContentExportInit2,libs.cpp
dPj4ZtRcIWk,ContentSearch::ContentSearchInit,libs.cpp
zoxb0wEChEM,ContentDelete::ContentDeleteInitialize,libs.cpp
